"cod_item";"fator";"faceta";"polo";"descricao";"widget";"cat_1";"cat_2";"cat_3";"cat_4";"cat_5";"gabarito";"a";"b";"c";"d"
"instrucao";"instrucao";"instrucao";1;"<p>ATEN&Ccedil;&Atilde;O: ap&oacute;s clicar em &quot;Avan&ccedil;ar&quot;, o tempo come&ccedil;ar&aacute; a contar. Voc&ecirc; ter&aacute; 70 minutos para responder a prova.</p>";"instrucao";NA;NA;NA;NA;NA;NA;NA;NA;NA;NA
"enem2009063136";NA;"24";1;"https://raw.githubusercontent.com/alexandrejaloto/CATEnem/master/data-raw/imagens/enem2009063136.jpg";"radio_image";"A";"B";"C";"D";"E";"A";3,40407;2,10238;0,10698;1
"enem2009063137";NA;"12";1;"https://raw.githubusercontent.com/alexandrejaloto/CATEnem/master/data-raw/imagens/enem2009063137.jpg";"radio_image";"A";"B";"C";"D";"E";"D";2,70316;1,28868;0,13945;1
"enem2009063138";NA;"24";1;"https://raw.githubusercontent.com/alexandrejaloto/CATEnem/master/data-raw/imagens/enem2009063138.jpg";"radio_image";"A";"B";"C";"D";"E";"E";2,4516;2,26159;0,07674;1
"enem2009063139";NA;"28";1;"https://raw.githubusercontent.com/alexandrejaloto/CATEnem/master/data-raw/imagens/enem2009063139.jpg";"radio_image";"A";"B";"C";"D";"E";"C";2,18226;2,25808;0,24918;1
"enem2009063140";NA;"18";1;"https://raw.githubusercontent.com/alexandrejaloto/CATEnem/master/data-raw/imagens/enem2009063140.jpg";"radio_image";"A";"B";"C";"D";"E";"C";2,86703;1,9126;0,19442;1
"enem2009063141";NA;"23";1;"https://raw.githubusercontent.com/alexandrejaloto/CATEnem/master/data-raw/imagens/enem2009063141.jpg";"radio_image";"A";"B";"C";"D";"E";"D";1,76793;0,79745;0,17243;1
"enem2009063142";NA;"26";1;"https://raw.githubusercontent.com/alexandrejaloto/CATEnem/master/data-raw/imagens/enem2009063142.jpg";"radio_image";"A";"B";"C";"D";"E";"E";1,38979;1,27326;0,18155;1
"enem2009063143";NA;"24";1;"https://raw.githubusercontent.com/alexandrejaloto/CATEnem/master/data-raw/imagens/enem2009063143.jpg";"radio_image";"A";"B";"C";"D";"E";"D";2,02435;2,59979;0,15523;1
"enem2009063144";NA;"1";1;"https://raw.githubusercontent.com/alexandrejaloto/CATEnem/master/data-raw/imagens/enem2009063144.jpg";"radio_image";"A";"B";"C";"D";"E";"D";3,55003;2,41723;0,23666;1
"enem2009063145";NA;"29";1;"https://raw.githubusercontent.com/alexandrejaloto/CATEnem/master/data-raw/imagens/enem2009063145.jpg";"radio_image";"A";"B";"C";"D";"E";"C";4,3337;2,47568;0,1023;1
"enem2009063146";NA;"26";1;"https://raw.githubusercontent.com/alexandrejaloto/CATEnem/master/data-raw/imagens/enem2009063146.jpg";"radio_image";"A";"B";"C";"D";"E";"A";1,51401;1,02663;0,15914;1
"enem2009063147";NA;"6";1;"https://raw.githubusercontent.com/alexandrejaloto/CATEnem/master/data-raw/imagens/enem2009063147.jpg";"radio_image";"A";"B";"C";"D";"E";"C";1,21921;0,13076;0,08474;1
"enem2009063148";NA;"24";1;"https://raw.githubusercontent.com/alexandrejaloto/CATEnem/master/data-raw/imagens/enem2009063148.jpg";"radio_image";"A";"B";"C";"D";"E";"D";0,2988;3,54917;0,08531;1
"enem2009063149";NA;"7";1;"https://raw.githubusercontent.com/alexandrejaloto/CATEnem/master/data-raw/imagens/enem2009063149.jpg";"radio_image";"A";"B";"C";"D";"E";"E";1,01912;-0,96661;0,0063;1
"enem2009063150";NA;"27";1;"https://raw.githubusercontent.com/alexandrejaloto/CATEnem/master/data-raw/imagens/enem2009063150.jpg";"radio_image";"A";"B";"C";"D";"E";"D";2,13467;1,88587;0,17527;1
"enem2009063151";NA;"22";1;"https://raw.githubusercontent.com/alexandrejaloto/CATEnem/master/data-raw/imagens/enem2009063151.jpg";"radio_image";"A";"B";"C";"D";"E";"D";1,69347;1,67973;0,17628;1
"enem2009063152";NA;"13";1;"https://raw.githubusercontent.com/alexandrejaloto/CATEnem/master/data-raw/imagens/enem2009063152.jpg";"radio_image";"A";"B";"C";"D";"E";"E";3,56477;2,32056;0,09997;1
"enem2009063153";NA;"8";1;"https://raw.githubusercontent.com/alexandrejaloto/CATEnem/master/data-raw/imagens/enem2009063153.jpg";"radio_image";"A";"B";"C";"D";"E";"A";2,06463;2,24084;0,2378;1
"enem2009063154";NA;"15";1;"https://raw.githubusercontent.com/alexandrejaloto/CATEnem/master/data-raw/imagens/enem2009063154.jpg";"radio_image";"A";"B";"C";"D";"E";"D";2,9312;1,44841;0,17344;1
"enem2009063155";NA;"19";1;"https://raw.githubusercontent.com/alexandrejaloto/CATEnem/master/data-raw/imagens/enem2009063155.jpg";"radio_image";"A";"B";"C";"D";"E";"D";2,9235;2,16387;0,21233;1
"enem2009063156";NA;"3";1;"https://raw.githubusercontent.com/alexandrejaloto/CATEnem/master/data-raw/imagens/enem2009063156.jpg";"radio_image";"A";"B";"C";"D";"E";"A";2,53416;2,27137;0,18142;1
"enem2009063157";NA;"14";1;"https://raw.githubusercontent.com/alexandrejaloto/CATEnem/master/data-raw/imagens/enem2009063157.jpg";"radio_image";"A";"B";"C";"D";"E";"B";2,69776;2,93505;0,15095;1
"enem2009063158";NA;"11";1;"https://raw.githubusercontent.com/alexandrejaloto/CATEnem/master/data-raw/imagens/enem2009063158.jpg";"radio_image";"A";"B";"C";"D";"E";"D";0,79007;3,53111;0,19229;1
"enem2009063159";NA;"19";1;"https://raw.githubusercontent.com/alexandrejaloto/CATEnem/master/data-raw/imagens/enem2009063159.jpg";"radio_image";"A";"B";"C";"D";"E";"E";3,09974;1,56133;0,10802;1
"enem2009063160";NA;"17";1;"https://raw.githubusercontent.com/alexandrejaloto/CATEnem/master/data-raw/imagens/enem2009063160.jpg";"radio_image";"A";"B";"C";"D";"E";"D";1,25005;2,00509;0,17589;1
"enem2009063161";NA;"28";1;"https://raw.githubusercontent.com/alexandrejaloto/CATEnem/master/data-raw/imagens/enem2009063161.jpg";"radio_image";"A";"B";"C";"D";"E";"D";1,98315;2,70571;0,21033;1
"enem2009063162";NA;"16";1;"https://raw.githubusercontent.com/alexandrejaloto/CATEnem/master/data-raw/imagens/enem2009063162.jpg";"radio_image";"A";"B";"C";"D";"E";"A";2,32988;2,23435;0,20364;1
"enem2009063163";NA;"12";1;"https://raw.githubusercontent.com/alexandrejaloto/CATEnem/master/data-raw/imagens/enem2009063163.jpg";"radio_image";"A";"B";"C";"D";"E";"B";2,62945;1,81383;0,20231;1
"enem2009063164";NA;"8";1;"https://raw.githubusercontent.com/alexandrejaloto/CATEnem/master/data-raw/imagens/enem2009063164.jpg";"radio_image";"A";"B";"C";"D";"E";"E";1,69212;1,72672;0,15858;1
"enem2009063165";NA;"2";1;"https://raw.githubusercontent.com/alexandrejaloto/CATEnem/master/data-raw/imagens/enem2009063165.jpg";"radio_image";"A";"B";"C";"D";"E";"A";1,98397;2,6823;0,19702;1
"enem2009063166";NA;"6";1;"https://raw.githubusercontent.com/alexandrejaloto/CATEnem/master/data-raw/imagens/enem2009063166.jpg";"radio_image";"A";"B";"C";"D";"E";"B";1,07373;2,92781;0,21556;1
"enem2009063167";NA;"25";1;"https://raw.githubusercontent.com/alexandrejaloto/CATEnem/master/data-raw/imagens/enem2009063167.jpg";"radio_image";"A";"B";"C";"D";"E";"E";4,03232;2,25593;0,08861;1
"enem2009063168";NA;"27";1;"https://raw.githubusercontent.com/alexandrejaloto/CATEnem/master/data-raw/imagens/enem2009063168.jpg";"radio_image";"A";"B";"C";"D";"E";"D";2,69948;2,61663;0,21668;1
"enem2009063169";NA;"18";1;"https://raw.githubusercontent.com/alexandrejaloto/CATEnem/master/data-raw/imagens/enem2009063169.jpg";"radio_image";"A";"B";"C";"D";"E";"D";1,96538;1,94141;0,18386;1
"enem2009063170";NA;"4";1;"https://raw.githubusercontent.com/alexandrejaloto/CATEnem/master/data-raw/imagens/enem2009063170.jpg";"radio_image";"A";"B";"C";"D";"E";"E";2,66774;2,75397;0,16322;1
"enem2009063172";NA;"25";1;"https://raw.githubusercontent.com/alexandrejaloto/CATEnem/master/data-raw/imagens/enem2009063172.jpg";"radio_image";"A";"B";"C";"D";"E";"C";1,05092;4,28177;0,21068;1
"enem2009063173";NA;"14";1;"https://raw.githubusercontent.com/alexandrejaloto/CATEnem/master/data-raw/imagens/enem2009063173.jpg";"radio_image";"A";"B";"C";"D";"E";"B";3,68279;2,86692;0,22261;1
"enem2009063174";NA;"19";1;"https://raw.githubusercontent.com/alexandrejaloto/CATEnem/master/data-raw/imagens/enem2009063174.jpg";"radio_image";"A";"B";"C";"D";"E";"B";3,12337;3,16783;0,27419;1
"enem2009063175";NA;"21";1;"https://raw.githubusercontent.com/alexandrejaloto/CATEnem/master/data-raw/imagens/enem2009063175.jpg";"radio_image";"A";"B";"C";"D";"E";"C";2,83725;3,26771;0,21224;1
"enem2009063176";NA;"4";1;"https://raw.githubusercontent.com/alexandrejaloto/CATEnem/master/data-raw/imagens/enem2009063176.jpg";"radio_image";"A";"B";"C";"D";"E";"B";1,83932;2,82176;0,21303;1
"enem2009063177";NA;"9";1;"https://raw.githubusercontent.com/alexandrejaloto/CATEnem/master/data-raw/imagens/enem2009063177.jpg";"radio_image";"A";"B";"C";"D";"E";"C";1,95278;2,71524;0,21173;1
"enem2009063178";NA;"5";1;"https://raw.githubusercontent.com/alexandrejaloto/CATEnem/master/data-raw/imagens/enem2009063178.jpg";"radio_image";"A";"B";"C";"D";"E";"E";1,48477;4,00415;0,13999;1
"enem2009063179";NA;"13";1;"https://raw.githubusercontent.com/alexandrejaloto/CATEnem/master/data-raw/imagens/enem2009063179.jpg";"radio_image";"A";"B";"C";"D";"E";"B";3,09626;2,8116;0,2272;1
"enem2010099136";NA;"1";1;"https://raw.githubusercontent.com/alexandrejaloto/CATEnem/master/data-raw/imagens/enem2010099136.jpg";"radio_image";"A";"B";"C";"D";"E";"C";1,66379;-0,7156;0,05682;1
"enem2010099137";NA;"11";1;"https://raw.githubusercontent.com/alexandrejaloto/CATEnem/master/data-raw/imagens/enem2010099137.jpg";"radio_image";"A";"B";"C";"D";"E";"E";1,96748;1,29609;0,10989;1
"enem2010099138";NA;"7";1;"https://raw.githubusercontent.com/alexandrejaloto/CATEnem/master/data-raw/imagens/enem2010099138.jpg";"radio_image";"A";"B";"C";"D";"E";"E";1,69546;0,44683;0,11078;1
"enem2010099139";NA;"12";1;"https://raw.githubusercontent.com/alexandrejaloto/CATEnem/master/data-raw/imagens/enem2010099139.jpg";"radio_image";"A";"B";"C";"D";"E";"B";3,66732;1,20902;0,16896;1
"enem2010099140";NA;"26";1;"https://raw.githubusercontent.com/alexandrejaloto/CATEnem/master/data-raw/imagens/enem2010099140.jpg";"radio_image";"A";"B";"C";"D";"E";"B";1,44638;0,69535;0,12392;1
"enem2010099141";NA;"25";1;"https://raw.githubusercontent.com/alexandrejaloto/CATEnem/master/data-raw/imagens/enem2010099141.jpg";"radio_image";"A";"B";"C";"D";"E";"D";2,38279;0,26521;0,117;1
"enem2010099142";NA;"15";1;"https://raw.githubusercontent.com/alexandrejaloto/CATEnem/master/data-raw/imagens/enem2010099142.jpg";"radio_image";"A";"B";"C";"D";"E";"A";2,60718;0,07302;0,20237;1
"enem2010099143";NA;"25";1;"https://raw.githubusercontent.com/alexandrejaloto/CATEnem/master/data-raw/imagens/enem2010099143.jpg";"radio_image";"A";"B";"C";"D";"E";"C";1,50538;2,16024;0,23774;1
"enem2010099144";NA;"15";1;"https://raw.githubusercontent.com/alexandrejaloto/CATEnem/master/data-raw/imagens/enem2010099144.jpg";"radio_image";"A";"B";"C";"D";"E";"C";2,70301;1,35998;0,30383;1
"enem2010099145";NA;"24";1;"https://raw.githubusercontent.com/alexandrejaloto/CATEnem/master/data-raw/imagens/enem2010099145.jpg";"radio_image";"A";"B";"C";"D";"E";"A";2,08521;0,39544;0,16581;1
"enem2010099146";NA;"10";1;"https://raw.githubusercontent.com/alexandrejaloto/CATEnem/master/data-raw/imagens/enem2010099146.jpg";"radio_image";"A";"B";"C";"D";"E";"B";3,10858;0,63493;0,20898;1
"enem2010099147";NA;"30";1;"https://raw.githubusercontent.com/alexandrejaloto/CATEnem/master/data-raw/imagens/enem2010099147.jpg";"radio_image";"A";"B";"C";"D";"E";"D";0,3656;2,53865;0,00641;1
"enem2010099148";NA;"20";1;"https://raw.githubusercontent.com/alexandrejaloto/CATEnem/master/data-raw/imagens/enem2010099148.jpg";"radio_image";"A";"B";"C";"D";"E";"E";1,78917;0,82689;0,14307;1
"enem2010099149";NA;"19";1;"https://raw.githubusercontent.com/alexandrejaloto/CATEnem/master/data-raw/imagens/enem2010099149.jpg";"radio_image";"A";"B";"C";"D";"E";"B";2,8951;1,55603;0,20449;1
"enem2010099150";NA;"17";1;"https://raw.githubusercontent.com/alexandrejaloto/CATEnem/master/data-raw/imagens/enem2010099150.jpg";"radio_image";"A";"B";"C";"D";"E";"B";2,05536;1,33212;0,17538;1
"enem2010099151";NA;"9";1;"https://raw.githubusercontent.com/alexandrejaloto/CATEnem/master/data-raw/imagens/enem2010099151.jpg";"radio_image";"A";"B";"C";"D";"E";"A";3,17802;2,1407;0,24299;1
"enem2010099153";NA;"14";1;"https://raw.githubusercontent.com/alexandrejaloto/CATEnem/master/data-raw/imagens/enem2010099153.jpg";"radio_image";"A";"B";"C";"D";"E";"D";1,82066;2,38859;0,20188;1
"enem2010099154";NA;"4";1;"https://raw.githubusercontent.com/alexandrejaloto/CATEnem/master/data-raw/imagens/enem2010099154.jpg";"radio_image";"A";"B";"C";"D";"E";"C";1,57654;1,55529;0,22463;1
"enem2010099155";NA;"3";1;"https://raw.githubusercontent.com/alexandrejaloto/CATEnem/master/data-raw/imagens/enem2010099155.jpg";"radio_image";"A";"B";"C";"D";"E";"C";2,08443;2,00592;0,15688;1
"enem2010099156";NA;"6";1;"https://raw.githubusercontent.com/alexandrejaloto/CATEnem/master/data-raw/imagens/enem2010099156.jpg";"radio_image";"A";"B";"C";"D";"E";"A";1,37237;2,24774;0,21559;1
"enem2010099157";NA;"12";1;"https://raw.githubusercontent.com/alexandrejaloto/CATEnem/master/data-raw/imagens/enem2010099157.jpg";"radio_image";"A";"B";"C";"D";"E";"D";2,18535;2,86431;0,17445;1
"enem2010099158";NA;"14";1;"https://raw.githubusercontent.com/alexandrejaloto/CATEnem/master/data-raw/imagens/enem2010099158.jpg";"radio_image";"A";"B";"C";"D";"E";"A";2,69234;2,17498;0,17953;1
"enem2010099159";NA;"23";1;"https://raw.githubusercontent.com/alexandrejaloto/CATEnem/master/data-raw/imagens/enem2010099159.jpg";"radio_image";"A";"B";"C";"D";"E";"E";2,33279;2,14452;0,10775;1
"enem2010099160";NA;"8";1;"https://raw.githubusercontent.com/alexandrejaloto/CATEnem/master/data-raw/imagens/enem2010099160.jpg";"radio_image";"A";"B";"C";"D";"E";"C";2,21981;1,89611;0,20056;1
"enem2010099161";NA;"7";1;"https://raw.githubusercontent.com/alexandrejaloto/CATEnem/master/data-raw/imagens/enem2010099161.jpg";"radio_image";"A";"B";"C";"D";"E";"E";1,66404;1,62614;0,10811;1
"enem2010099162";NA;"16";1;"https://raw.githubusercontent.com/alexandrejaloto/CATEnem/master/data-raw/imagens/enem2010099162.jpg";"radio_image";"A";"B";"C";"D";"E";"D";1,34722;1,58573;0,27113;1
"enem2010099164";NA;"9";1;"https://raw.githubusercontent.com/alexandrejaloto/CATEnem/master/data-raw/imagens/enem2010099164.jpg";"radio_image";"A";"B";"C";"D";"E";"B";1,32835;2,52572;0,20615;1
"enem2010099165";NA;"21";1;"https://raw.githubusercontent.com/alexandrejaloto/CATEnem/master/data-raw/imagens/enem2010099165.jpg";"radio_image";"A";"B";"C";"D";"E";"D";2,47031;3,61504;0,17847;1
"enem2010099166";NA;"26";1;"https://raw.githubusercontent.com/alexandrejaloto/CATEnem/master/data-raw/imagens/enem2010099166.jpg";"radio_image";"A";"B";"C";"D";"E";"C";0,79069;1,78724;0,10619;1
"enem2010099167";NA;"27";1;"https://raw.githubusercontent.com/alexandrejaloto/CATEnem/master/data-raw/imagens/enem2010099167.jpg";"radio_image";"A";"B";"C";"D";"E";"B";0,98638;3,42048;0,17872;1
"enem2010099168";NA;"8";1;"https://raw.githubusercontent.com/alexandrejaloto/CATEnem/master/data-raw/imagens/enem2010099168.jpg";"radio_image";"A";"B";"C";"D";"E";"B";1,10586;3,29443;0,29544;1
"enem2010099169";NA;"13";1;"https://raw.githubusercontent.com/alexandrejaloto/CATEnem/master/data-raw/imagens/enem2010099169.jpg";"radio_image";"A";"B";"C";"D";"E";"D";0,87645;2,88132;0,17451;1
"enem2010099170";NA;"29";1;"https://raw.githubusercontent.com/alexandrejaloto/CATEnem/master/data-raw/imagens/enem2010099170.jpg";"radio_image";"A";"B";"C";"D";"E";"B";1,63996;1,23246;0,17193;1
"enem2010099171";NA;"5";1;"https://raw.githubusercontent.com/alexandrejaloto/CATEnem/master/data-raw/imagens/enem2010099171.jpg";"radio_image";"A";"B";"C";"D";"E";"B";1,81075;2,55485;0,21022;1
"enem2010099172";NA;"5";1;"https://raw.githubusercontent.com/alexandrejaloto/CATEnem/master/data-raw/imagens/enem2010099172.jpg";"radio_image";"A";"B";"C";"D";"E";"C";1,81823;2,84072;0,1874;1
"enem2010099173";NA;"4";1;"https://raw.githubusercontent.com/alexandrejaloto/CATEnem/master/data-raw/imagens/enem2010099173.jpg";"radio_image";"A";"B";"C";"D";"E";"B";4,08151;3,22047;0,27925;1
"enem2010099174";NA;"28";1;"https://raw.githubusercontent.com/alexandrejaloto/CATEnem/master/data-raw/imagens/enem2010099174.jpg";"radio_image";"A";"B";"C";"D";"E";"D";2,72784;1,40573;0,12487;1
"enem2010099175";NA;"27";1;"https://raw.githubusercontent.com/alexandrejaloto/CATEnem/master/data-raw/imagens/enem2010099175.jpg";"radio_image";"A";"B";"C";"D";"E";"E";1,66283;2,97375;0,12156;1
"enem2010099176";NA;"16";1;"https://raw.githubusercontent.com/alexandrejaloto/CATEnem/master/data-raw/imagens/enem2010099176.jpg";"radio_image";"A";"B";"C";"D";"E";"B";1,82152;0,58872;0,21;1
"enem2010099177";NA;"18";1;"https://raw.githubusercontent.com/alexandrejaloto/CATEnem/master/data-raw/imagens/enem2010099177.jpg";"radio_image";"A";"B";"C";"D";"E";"E";2,48463;0,94525;0,18166;1
"enem2010099178";NA;"8";1;"https://raw.githubusercontent.com/alexandrejaloto/CATEnem/master/data-raw/imagens/enem2010099178.jpg";"radio_image";"A";"B";"C";"D";"E";"D";3,86617;1,45961;0,11213;1
"enem2010099179";NA;"2";1;"https://raw.githubusercontent.com/alexandrejaloto/CATEnem/master/data-raw/imagens/enem2010099179.jpg";"radio_image";"A";"B";"C";"D";"E";"D";1,92705;1,28871;0,18926;1
"enem2011129136";NA;"10";1;"https://raw.githubusercontent.com/alexandrejaloto/CATEnem/master/data-raw/imagens/enem2011129136.jpg";"radio_image";"A";"B";"C";"D";"E";"B";2,23008;0,55451;0,27798;1
"enem2011129137";NA;"1";1;"https://raw.githubusercontent.com/alexandrejaloto/CATEnem/master/data-raw/imagens/enem2011129137.jpg";"radio_image";"A";"B";"C";"D";"E";"A";2,11832;0,73515;0,18808;1
"enem2011129138";NA;"5";1;"https://raw.githubusercontent.com/alexandrejaloto/CATEnem/master/data-raw/imagens/enem2011129138.jpg";"radio_image";"A";"B";"C";"D";"E";"E";2,41492;0,28863;0,31102;1
"enem2011129139";NA;"21";1;"https://raw.githubusercontent.com/alexandrejaloto/CATEnem/master/data-raw/imagens/enem2011129139.jpg";"radio_image";"A";"B";"C";"D";"E";"E";2,96492;2,02812;0,0738;1
"enem2011129140";NA;"7";1;"https://raw.githubusercontent.com/alexandrejaloto/CATEnem/master/data-raw/imagens/enem2011129140.jpg";"radio_image";"A";"B";"C";"D";"E";"E";1,2623;0,61947;0,13382;1
"enem2011129141";NA;"10";1;"https://raw.githubusercontent.com/alexandrejaloto/CATEnem/master/data-raw/imagens/enem2011129141.jpg";"radio_image";"A";"B";"C";"D";"E";"C";2,21598;1,31369;0,1587;1
"enem2011129142";NA;"13";1;"https://raw.githubusercontent.com/alexandrejaloto/CATEnem/master/data-raw/imagens/enem2011129142.jpg";"radio_image";"A";"B";"C";"D";"E";"C";1,80059;1,4011;0,1643;1
"enem2011129143";NA;"11";1;"https://raw.githubusercontent.com/alexandrejaloto/CATEnem/master/data-raw/imagens/enem2011129143.jpg";"radio_image";"A";"B";"C";"D";"E";"E";2,68015;2,08631;0,07696;1
"enem2011129144";NA;"7";1;"https://raw.githubusercontent.com/alexandrejaloto/CATEnem/master/data-raw/imagens/enem2011129144.jpg";"radio_image";"A";"B";"C";"D";"E";"E";1,40069;2,32577;0,10823;1
"enem2011129145";NA;"17";1;"https://raw.githubusercontent.com/alexandrejaloto/CATEnem/master/data-raw/imagens/enem2011129145.jpg";"radio_image";"A";"B";"C";"D";"E";"E";2,69266;1,52176;0,11563;1
"enem2011129146";NA;"12";1;"https://raw.githubusercontent.com/alexandrejaloto/CATEnem/master/data-raw/imagens/enem2011129146.jpg";"radio_image";"A";"B";"C";"D";"E";"B";1,78608;0,80144;0,18101;1
"enem2011129147";NA;"11";1;"https://raw.githubusercontent.com/alexandrejaloto/CATEnem/master/data-raw/imagens/enem2011129147.jpg";"radio_image";"A";"B";"C";"D";"E";"C";1,99058;1,58634;0,17168;1
"enem2011129148";NA;"27";1;"https://raw.githubusercontent.com/alexandrejaloto/CATEnem/master/data-raw/imagens/enem2011129148.jpg";"radio_image";"A";"B";"C";"D";"E";"B";1,62432;1,82815;0,21852;1
"enem2011129149";NA;"18";1;"https://raw.githubusercontent.com/alexandrejaloto/CATEnem/master/data-raw/imagens/enem2011129149.jpg";"radio_image";"A";"B";"C";"D";"E";"E";2,1861;0,61239;0,13381;1
"enem2011129150";NA;"27";1;"https://raw.githubusercontent.com/alexandrejaloto/CATEnem/master/data-raw/imagens/enem2011129150.jpg";"radio_image";"A";"B";"C";"D";"E";"C";2,29585;0,9001;0,15579;1
"enem2011129151";NA;"15";1;"https://raw.githubusercontent.com/alexandrejaloto/CATEnem/master/data-raw/imagens/enem2011129151.jpg";"radio_image";"A";"B";"C";"D";"E";"E";1,42032;0,78256;0,16611;1
"enem2011129152";NA;"22";1;"https://raw.githubusercontent.com/alexandrejaloto/CATEnem/master/data-raw/imagens/enem2011129152.jpg";"radio_image";"A";"B";"C";"D";"E";"B";1,55058;2,08849;0,12411;1
"enem2011129153";NA;"23";1;"https://raw.githubusercontent.com/alexandrejaloto/CATEnem/master/data-raw/imagens/enem2011129153.jpg";"radio_image";"A";"B";"C";"D";"E";"A";1,91763;2,20242;0,17835;1
"enem2011129154";NA;"8";1;"https://raw.githubusercontent.com/alexandrejaloto/CATEnem/master/data-raw/imagens/enem2011129154.jpg";"radio_image";"A";"B";"C";"D";"E";"D";1,56479;1,83743;0,12533;1
"enem2011129155";NA;"19";1;"https://raw.githubusercontent.com/alexandrejaloto/CATEnem/master/data-raw/imagens/enem2011129155.jpg";"radio_image";"A";"B";"C";"D";"E";"C";2,96462;3,137;0,14003;1
"enem2011129156";NA;"25";1;"https://raw.githubusercontent.com/alexandrejaloto/CATEnem/master/data-raw/imagens/enem2011129156.jpg";"radio_image";"A";"B";"C";"D";"E";"B";1,94736;2,51656;0,17967;1
"enem2011129157";NA;"4";1;"https://raw.githubusercontent.com/alexandrejaloto/CATEnem/master/data-raw/imagens/enem2011129157.jpg";"radio_image";"A";"B";"C";"D";"E";"D";2,20311;2,1416;0,179;1
"enem2011129158";NA;"8";1;"https://raw.githubusercontent.com/alexandrejaloto/CATEnem/master/data-raw/imagens/enem2011129158.jpg";"radio_image";"A";"B";"C";"D";"E";"B";1,63;2,90487;0,21354;1
"enem2011129159";NA;"30";1;"https://raw.githubusercontent.com/alexandrejaloto/CATEnem/master/data-raw/imagens/enem2011129159.jpg";"radio_image";"A";"B";"C";"D";"E";"E";1,63381;2,36775;0,09676;1
"enem2011129160";NA;"23";1;"https://raw.githubusercontent.com/alexandrejaloto/CATEnem/master/data-raw/imagens/enem2011129160.jpg";"radio_image";"A";"B";"C";"D";"E";"A";2,87279;1,68092;0,16149;1
"enem2011129161";NA;"2";1;"https://raw.githubusercontent.com/alexandrejaloto/CATEnem/master/data-raw/imagens/enem2011129161.jpg";"radio_image";"A";"B";"C";"D";"E";"D";1,23541;0,4856;0,05802;1
"enem2011129162";NA;"3";1;"https://raw.githubusercontent.com/alexandrejaloto/CATEnem/master/data-raw/imagens/enem2011129162.jpg";"radio_image";"A";"B";"C";"D";"E";"C";2,27622;2,37639;0,23999;1
"enem2011129163";NA;"16";1;"https://raw.githubusercontent.com/alexandrejaloto/CATEnem/master/data-raw/imagens/enem2011129163.jpg";"radio_image";"A";"B";"C";"D";"E";"D";1,92502;1,29983;0,1805;1
"enem2011129164";NA;"3";1;"https://raw.githubusercontent.com/alexandrejaloto/CATEnem/master/data-raw/imagens/enem2011129164.jpg";"radio_image";"A";"B";"C";"D";"E";"B";2,74865;1,47857;0,21513;1
"enem2011129165";NA;"28";1;"https://raw.githubusercontent.com/alexandrejaloto/CATEnem/master/data-raw/imagens/enem2011129165.jpg";"radio_image";"A";"B";"C";"D";"E";"D";2,45814;2,11927;0,18911;1
"enem2011129166";NA;"28";1;"https://raw.githubusercontent.com/alexandrejaloto/CATEnem/master/data-raw/imagens/enem2011129166.jpg";"radio_image";"A";"B";"C";"D";"E";"C";2,83067;1,45097;0,18616;1
"enem2011129167";NA;"29";1;"https://raw.githubusercontent.com/alexandrejaloto/CATEnem/master/data-raw/imagens/enem2011129167.jpg";"radio_image";"A";"B";"C";"D";"E";"C";2,06737;1,89008;0,24604;1
"enem2011129168";NA;"12";1;"https://raw.githubusercontent.com/alexandrejaloto/CATEnem/master/data-raw/imagens/enem2011129168.jpg";"radio_image";"A";"B";"C";"D";"E";"C";2,08886;2,57501;0,18102;1
"enem2011129169";NA;"26";1;"https://raw.githubusercontent.com/alexandrejaloto/CATEnem/master/data-raw/imagens/enem2011129169.jpg";"radio_image";"A";"B";"C";"D";"E";"B";1,64337;1,86905;0,20692;1
"enem2011129170";NA;"9";1;"https://raw.githubusercontent.com/alexandrejaloto/CATEnem/master/data-raw/imagens/enem2011129170.jpg";"radio_image";"A";"B";"C";"D";"E";"A";1,6024;1,2153;0,14692;1
"enem2011129171";NA;"16";1;"https://raw.githubusercontent.com/alexandrejaloto/CATEnem/master/data-raw/imagens/enem2011129171.jpg";"radio_image";"A";"B";"C";"D";"E";"D";1,81642;1,0908;0,24672;1
"enem2011129172";NA;"25";1;"https://raw.githubusercontent.com/alexandrejaloto/CATEnem/master/data-raw/imagens/enem2011129172.jpg";"radio_image";"A";"B";"C";"D";"E";"C";1,65137;0,45335;0,2265;1
"enem2011129173";NA;"24";1;"https://raw.githubusercontent.com/alexandrejaloto/CATEnem/master/data-raw/imagens/enem2011129173.jpg";"radio_image";"A";"B";"C";"D";"E";"A";2,87235;1,96767;0,15109;1
"enem2011129174";NA;"2";1;"https://raw.githubusercontent.com/alexandrejaloto/CATEnem/master/data-raw/imagens/enem2011129174.jpg";"radio_image";"A";"B";"C";"D";"E";"E";2,2181;2,68569;0,13379;1
"enem2011129175";NA;"6";1;"https://raw.githubusercontent.com/alexandrejaloto/CATEnem/master/data-raw/imagens/enem2011129175.jpg";"radio_image";"A";"B";"C";"D";"E";"C";1,60162;0,26671;0,2498;1
"enem2011129176";NA;"20";1;"https://raw.githubusercontent.com/alexandrejaloto/CATEnem/master/data-raw/imagens/enem2011129176.jpg";"radio_image";"A";"B";"C";"D";"E";"C";1,41344;0,04783;0,13377;1
"enem2011129177";NA;"19";1;"https://raw.githubusercontent.com/alexandrejaloto/CATEnem/master/data-raw/imagens/enem2011129177.jpg";"radio_image";"A";"B";"C";"D";"E";"C";2,74436;1,698;0,2011;1
"enem2011129178";NA;"17";1;"https://raw.githubusercontent.com/alexandrejaloto/CATEnem/master/data-raw/imagens/enem2011129178.jpg";"radio_image";"A";"B";"C";"D";"E";"C";3,03092;2,35596;0,17;1
"enem2011129179";NA;"21";1;"https://raw.githubusercontent.com/alexandrejaloto/CATEnem/master/data-raw/imagens/enem2011129179.jpg";"radio_image";"A";"B";"C";"D";"E";"D";2,53869;1,66527;0,23544;1
"enem2011129180";NA;"15";1;"https://raw.githubusercontent.com/alexandrejaloto/CATEnem/master/data-raw/imagens/enem2011129180.jpg";"radio_image";"A";"B";"C";"D";"E";"D";2,00926;1,20709;0,19016;1
"enem2012149136";NA;"4";1;"https://raw.githubusercontent.com/alexandrejaloto/CATEnem/master/data-raw/imagens/enem2012149136.jpg";"radio_image";"A";"B";"C";"D";"E";"A";2,346;1,071;0,107;1
"enem2012149137";NA;"11";1;"https://raw.githubusercontent.com/alexandrejaloto/CATEnem/master/data-raw/imagens/enem2012149137.jpg";"radio_image";"A";"B";"C";"D";"E";"D";2,023;1,286;0,085;1
"enem2012149138";NA;"30";1;"https://raw.githubusercontent.com/alexandrejaloto/CATEnem/master/data-raw/imagens/enem2012149138.jpg";"radio_image";"A";"B";"C";"D";"E";"E";1,282;1,837;0,151;1
"enem2012149139";NA;"12";1;"https://raw.githubusercontent.com/alexandrejaloto/CATEnem/master/data-raw/imagens/enem2012149139.jpg";"radio_image";"A";"B";"C";"D";"E";"D";1,867;1,515;0,129;1
"enem2012149140";NA;"20";1;"https://raw.githubusercontent.com/alexandrejaloto/CATEnem/master/data-raw/imagens/enem2012149140.jpg";"radio_image";"A";"B";"C";"D";"E";"E";1,135;-1,259;0,201;1
"enem2012149141";NA;"7";1;"https://raw.githubusercontent.com/alexandrejaloto/CATEnem/master/data-raw/imagens/enem2012149141.jpg";"radio_image";"A";"B";"C";"D";"E";"A";1,483;-0,252;0,197;1
"enem2012149142";NA;"3";1;"https://raw.githubusercontent.com/alexandrejaloto/CATEnem/master/data-raw/imagens/enem2012149142.jpg";"radio_image";"A";"B";"C";"D";"E";"B";1,517;-0,047;0,173;1
"enem2012149143";NA;"26";1;"https://raw.githubusercontent.com/alexandrejaloto/CATEnem/master/data-raw/imagens/enem2012149143.jpg";"radio_image";"A";"B";"C";"D";"E";"E";1,306;0,46;0,176;1
"enem2012149144";NA;"25";1;"https://raw.githubusercontent.com/alexandrejaloto/CATEnem/master/data-raw/imagens/enem2012149144.jpg";"radio_image";"A";"B";"C";"D";"E";"E";2,353;0,55;0,186;1
"enem2012149145";NA;"15";1;"https://raw.githubusercontent.com/alexandrejaloto/CATEnem/master/data-raw/imagens/enem2012149145.jpg";"radio_image";"A";"B";"C";"D";"E";"E";2,384;0,633;0,16;1
"enem2012149146";NA;"5";1;"https://raw.githubusercontent.com/alexandrejaloto/CATEnem/master/data-raw/imagens/enem2012149146.jpg";"radio_image";"A";"B";"C";"D";"E";"C";0,898;1,628;0,128;1
"enem2012149147";NA;"13";1;"https://raw.githubusercontent.com/alexandrejaloto/CATEnem/master/data-raw/imagens/enem2012149147.jpg";"radio_image";"A";"B";"C";"D";"E";"C";3,113;1,76;0,222;1
"enem2012149148";NA;"14";1;"https://raw.githubusercontent.com/alexandrejaloto/CATEnem/master/data-raw/imagens/enem2012149148.jpg";"radio_image";"A";"B";"C";"D";"E";"C";1,786;1,911;0,138;1
"enem2012149149";NA;"8";1;"https://raw.githubusercontent.com/alexandrejaloto/CATEnem/master/data-raw/imagens/enem2012149149.jpg";"radio_image";"A";"B";"C";"D";"E";"B";2,576;2,062;0,189;1
"enem2012149150";NA;"23";1;"https://raw.githubusercontent.com/alexandrejaloto/CATEnem/master/data-raw/imagens/enem2012149150.jpg";"radio_image";"A";"B";"C";"D";"E";"D";1,079;1,617;0,29;1
"enem2012149151";NA;"19";1;"https://raw.githubusercontent.com/alexandrejaloto/CATEnem/master/data-raw/imagens/enem2012149151.jpg";"radio_image";"A";"B";"C";"D";"E";"E";2,305;1,406;0,305;1
"enem2012149152";NA;"12";1;"https://raw.githubusercontent.com/alexandrejaloto/CATEnem/master/data-raw/imagens/enem2012149152.jpg";"radio_image";"A";"B";"C";"D";"E";"D";1,797;1,306;0,12;1
"enem2012149153";NA;"19";1;"https://raw.githubusercontent.com/alexandrejaloto/CATEnem/master/data-raw/imagens/enem2012149153.jpg";"radio_image";"A";"B";"C";"D";"E";"A";2,544;1,267;0,269;1
"enem2012149154";NA;"6";1;"https://raw.githubusercontent.com/alexandrejaloto/CATEnem/master/data-raw/imagens/enem2012149154.jpg";"radio_image";"A";"B";"C";"D";"E";"C";1,738;0,754;0,196;1
"enem2012149155";NA;"21";1;"https://raw.githubusercontent.com/alexandrejaloto/CATEnem/master/data-raw/imagens/enem2012149155.jpg";"radio_image";"A";"B";"C";"D";"E";"B";2,369;0,826;0,148;1
"enem2012149156";NA;"4";1;"https://raw.githubusercontent.com/alexandrejaloto/CATEnem/master/data-raw/imagens/enem2012149156.jpg";"radio_image";"A";"B";"C";"D";"E";"D";2,764;0,956;0,129;1
"enem2012149157";NA;"1";1;"https://raw.githubusercontent.com/alexandrejaloto/CATEnem/master/data-raw/imagens/enem2012149157.jpg";"radio_image";"A";"B";"C";"D";"E";"C";1,589;0,603;0,137;1
"enem2012149158";NA;"25";1;"https://raw.githubusercontent.com/alexandrejaloto/CATEnem/master/data-raw/imagens/enem2012149158.jpg";"radio_image";"A";"B";"C";"D";"E";"A";2,366;0,465;0,114;1
"enem2012149159";NA;"26";1;"https://raw.githubusercontent.com/alexandrejaloto/CATEnem/master/data-raw/imagens/enem2012149159.jpg";"radio_image";"A";"B";"C";"D";"E";"B";1,613;0,452;0,124;1
"enem2012149160";NA;"16";1;"https://raw.githubusercontent.com/alexandrejaloto/CATEnem/master/data-raw/imagens/enem2012149160.jpg";"radio_image";"A";"B";"C";"D";"E";"A";1,8;-0,418;0,186;1
"enem2012149161";NA;"11";1;"https://raw.githubusercontent.com/alexandrejaloto/CATEnem/master/data-raw/imagens/enem2012149161.jpg";"radio_image";"A";"B";"C";"D";"E";"D";1,799;2,214;0,182;1
"enem2012149162";NA;"7";1;"https://raw.githubusercontent.com/alexandrejaloto/CATEnem/master/data-raw/imagens/enem2012149162.jpg";"radio_image";"A";"B";"C";"D";"E";"E";1,881;2,227;0,204;1
"enem2012149163";NA;"3";1;"https://raw.githubusercontent.com/alexandrejaloto/CATEnem/master/data-raw/imagens/enem2012149163.jpg";"radio_image";"A";"B";"C";"D";"E";"B";2,328;2,467;0,193;1
"enem2012149164";NA;"28";1;"https://raw.githubusercontent.com/alexandrejaloto/CATEnem/master/data-raw/imagens/enem2012149164.jpg";"radio_image";"A";"B";"C";"D";"E";"D";1,952;2,677;0,096;1
"enem2012149165";NA;"9";1;"https://raw.githubusercontent.com/alexandrejaloto/CATEnem/master/data-raw/imagens/enem2012149165.jpg";"radio_image";"A";"B";"C";"D";"E";"A";3,544;2,408;0,141;1
"enem2012149166";NA;"6";1;"https://raw.githubusercontent.com/alexandrejaloto/CATEnem/master/data-raw/imagens/enem2012149166.jpg";"radio_image";"A";"B";"C";"D";"E";"E";1,305;2,218;0,111;1
"enem2012149167";NA;"13";1;"https://raw.githubusercontent.com/alexandrejaloto/CATEnem/master/data-raw/imagens/enem2012149167.jpg";"radio_image";"A";"B";"C";"D";"E";"E";2,132;-0,048;0,176;1
"enem2012149168";NA;"1";1;"https://raw.githubusercontent.com/alexandrejaloto/CATEnem/master/data-raw/imagens/enem2012149168.jpg";"radio_image";"A";"B";"C";"D";"E";"D";3,324;1,019;0,124;1
"enem2012149169";NA;"16";1;"https://raw.githubusercontent.com/alexandrejaloto/CATEnem/master/data-raw/imagens/enem2012149169.jpg";"radio_image";"A";"B";"C";"D";"E";"B";1,453;0,875;0,19;1
"enem2012149170";NA;"29";1;"https://raw.githubusercontent.com/alexandrejaloto/CATEnem/master/data-raw/imagens/enem2012149170.jpg";"radio_image";"A";"B";"C";"D";"E";"D";1,479;0,795;0,195;1
"enem2012149171";NA;"25";1;"https://raw.githubusercontent.com/alexandrejaloto/CATEnem/master/data-raw/imagens/enem2012149171.jpg";"radio_image";"A";"B";"C";"D";"E";"D";2,198;0,699;0,158;1
"enem2012149172";NA;"27";1;"https://raw.githubusercontent.com/alexandrejaloto/CATEnem/master/data-raw/imagens/enem2012149172.jpg";"radio_image";"A";"B";"C";"D";"E";"E";2,042;3,236;0,108;1
"enem2012149173";NA;"3";1;"https://raw.githubusercontent.com/alexandrejaloto/CATEnem/master/data-raw/imagens/enem2012149173.jpg";"radio_image";"A";"B";"C";"D";"E";"C";1,312;3,255;0,143;1
"enem2012149174";NA;"29";1;"https://raw.githubusercontent.com/alexandrejaloto/CATEnem/master/data-raw/imagens/enem2012149174.jpg";"radio_image";"A";"B";"C";"D";"E";"D";1,24;3,242;0,18;1
"enem2012149175";NA;"27";1;"https://raw.githubusercontent.com/alexandrejaloto/CATEnem/master/data-raw/imagens/enem2012149175.jpg";"radio_image";"A";"B";"C";"D";"E";"B";1,891;2,719;0,12;1
"enem2012149176";NA;"17";1;"https://raw.githubusercontent.com/alexandrejaloto/CATEnem/master/data-raw/imagens/enem2012149176.jpg";"radio_image";"A";"B";"C";"D";"E";"C";2,309;2,521;0,16;1
"enem2012149177";NA;"21";1;"https://raw.githubusercontent.com/alexandrejaloto/CATEnem/master/data-raw/imagens/enem2012149177.jpg";"radio_image";"A";"B";"C";"D";"E";"B";3,552;2,084;0,228;1
"enem2012149178";NA;"21";1;"https://raw.githubusercontent.com/alexandrejaloto/CATEnem/master/data-raw/imagens/enem2012149178.jpg";"radio_image";"A";"B";"C";"D";"E";"E";1,738;1,953;0,123;1
"enem2012149179";NA;"15";1;"https://raw.githubusercontent.com/alexandrejaloto/CATEnem/master/data-raw/imagens/enem2012149179.jpg";"radio_image";"A";"B";"C";"D";"E";"D";2,035;1,851;0,256;1
"enem2012149180";NA;"10";1;"https://raw.githubusercontent.com/alexandrejaloto/CATEnem/master/data-raw/imagens/enem2012149180.jpg";"radio_image";"A";"B";"C";"D";"E";"B";3,508;1,659;0,175;1
"enem2013179136";NA;"21";1;"https://raw.githubusercontent.com/alexandrejaloto/CATEnem/master/data-raw/imagens/enem2013179136.jpg";"radio_image";"A";"B";"C";"D";"E";"E";2,01389;2,6845;0,14233;1
"enem2013179137";NA;"19";1;"https://raw.githubusercontent.com/alexandrejaloto/CATEnem/master/data-raw/imagens/enem2013179137.jpg";"radio_image";"A";"B";"C";"D";"E";"D";3,329;1,6;0,087;1
"enem2013179138";NA;"15";1;"https://raw.githubusercontent.com/alexandrejaloto/CATEnem/master/data-raw/imagens/enem2013179138.jpg";"radio_image";"A";"B";"C";"D";"E";"B";2,7321;1,44395;0,12945;1
"enem2013179139";NA;"25";1;"https://raw.githubusercontent.com/alexandrejaloto/CATEnem/master/data-raw/imagens/enem2013179139.jpg";"radio_image";"A";"B";"C";"D";"E";"C";1,87432;-0,18327;0,1013;1
"enem2013179140";NA;"1";1;"https://raw.githubusercontent.com/alexandrejaloto/CATEnem/master/data-raw/imagens/enem2013179140.jpg";"radio_image";"A";"B";"C";"D";"E";"A";2,23485;0,30828;0,20321;1
"enem2013179141";NA;"28";1;"https://raw.githubusercontent.com/alexandrejaloto/CATEnem/master/data-raw/imagens/enem2013179141.jpg";"radio_image";"A";"B";"C";"D";"E";"A";3,64437;2,0082;0,25458;1
"enem2013179142";NA;"20";1;"https://raw.githubusercontent.com/alexandrejaloto/CATEnem/master/data-raw/imagens/enem2013179142.jpg";"radio_image";"A";"B";"C";"D";"E";"E";2,40484;1,8758;0,0938;1
"enem2013179143";NA;"18";1;"https://raw.githubusercontent.com/alexandrejaloto/CATEnem/master/data-raw/imagens/enem2013179143.jpg";"radio_image";"A";"B";"C";"D";"E";"C";2,81179;1,721;0,14987;1
"enem2013179144";NA;"15";1;"https://raw.githubusercontent.com/alexandrejaloto/CATEnem/master/data-raw/imagens/enem2013179144.jpg";"radio_image";"A";"B";"C";"D";"E";"A";3,63412;1,7685;0,13052;1
"enem2013179145";NA;"14";1;"https://raw.githubusercontent.com/alexandrejaloto/CATEnem/master/data-raw/imagens/enem2013179145.jpg";"radio_image";"A";"B";"C";"D";"E";"A";2,62065;1,94868;0,16111;1
"enem2013179146";NA;"3";1;"https://raw.githubusercontent.com/alexandrejaloto/CATEnem/master/data-raw/imagens/enem2013179146.jpg";"radio_image";"A";"B";"C";"D";"E";"B";2,38025;1,01952;0,22361;1
"enem2013179147";NA;"16";1;"https://raw.githubusercontent.com/alexandrejaloto/CATEnem/master/data-raw/imagens/enem2013179147.jpg";"radio_image";"A";"B";"C";"D";"E";"B";3,10132;1,15101;0,18972;1
"enem2013179148";NA;"25";1;"https://raw.githubusercontent.com/alexandrejaloto/CATEnem/master/data-raw/imagens/enem2013179148.jpg";"radio_image";"A";"B";"C";"D";"E";"B";3,36408;0,77378;0,15282;1
"enem2013179149";NA;"25";1;"https://raw.githubusercontent.com/alexandrejaloto/CATEnem/master/data-raw/imagens/enem2013179149.jpg";"radio_image";"A";"B";"C";"D";"E";"D";1,57109;0,53915;0,09265;1
"enem2013179150";NA;"27";1;"https://raw.githubusercontent.com/alexandrejaloto/CATEnem/master/data-raw/imagens/enem2013179150.jpg";"radio_image";"A";"B";"C";"D";"E";"C";0,56195;4,27919;0,14427;1
"enem2013179151";NA;"17";1;"https://raw.githubusercontent.com/alexandrejaloto/CATEnem/master/data-raw/imagens/enem2013179151.jpg";"radio_image";"A";"B";"C";"D";"E";"E";2,69491;1,61513;0,06167;1
"enem2013179152";NA;"4";1;"https://raw.githubusercontent.com/alexandrejaloto/CATEnem/master/data-raw/imagens/enem2013179152.jpg";"radio_image";"A";"B";"C";"D";"E";"C";2,01156;0,98993;0,23233;1
"enem2013179153";NA;"16";1;"https://raw.githubusercontent.com/alexandrejaloto/CATEnem/master/data-raw/imagens/enem2013179153.jpg";"radio_image";"A";"B";"C";"D";"E";"D";2,87;1,3;0,043;1
"enem2013179154";NA;"24";1;"https://raw.githubusercontent.com/alexandrejaloto/CATEnem/master/data-raw/imagens/enem2013179154.jpg";"radio_image";"A";"B";"C";"D";"E";"D";1,01237;0,69759;0,05473;1
"enem2013179155";NA;"28";1;"https://raw.githubusercontent.com/alexandrejaloto/CATEnem/master/data-raw/imagens/enem2013179155.jpg";"radio_image";"A";"B";"C";"D";"E";"A";3,166;2,693;0,194;1
"enem2013179156";NA;"9";1;"https://raw.githubusercontent.com/alexandrejaloto/CATEnem/master/data-raw/imagens/enem2013179156.jpg";"radio_image";"A";"B";"C";"D";"E";"E";3,212;2,195;0,084;1
"enem2013179157";NA;"27";1;"https://raw.githubusercontent.com/alexandrejaloto/CATEnem/master/data-raw/imagens/enem2013179157.jpg";"radio_image";"A";"B";"C";"D";"E";"B";1,87865;1,86319;0,17739;1
"enem2013179158";NA;"2";1;"https://raw.githubusercontent.com/alexandrejaloto/CATEnem/master/data-raw/imagens/enem2013179158.jpg";"radio_image";"A";"B";"C";"D";"E";"A";2,4459;2,05864;0,18393;1
"enem2013179159";NA;"12";1;"https://raw.githubusercontent.com/alexandrejaloto/CATEnem/master/data-raw/imagens/enem2013179159.jpg";"radio_image";"A";"B";"C";"D";"E";"C";1,78;0,876;0,092;1
"enem2013179160";NA;"7";1;"https://raw.githubusercontent.com/alexandrejaloto/CATEnem/master/data-raw/imagens/enem2013179160.jpg";"radio_image";"A";"B";"C";"D";"E";"E";1,02072;2,5857;0,10265;1
"enem2013179161";NA;"2";1;"https://raw.githubusercontent.com/alexandrejaloto/CATEnem/master/data-raw/imagens/enem2013179161.jpg";"radio_image";"A";"B";"C";"D";"E";"B";0,09882;17,62443;0,21403;1
"enem2013179162";NA;"21";1;"https://raw.githubusercontent.com/alexandrejaloto/CATEnem/master/data-raw/imagens/enem2013179162.jpg";"radio_image";"A";"B";"C";"D";"E";"E";2,90899;2,19007;0,11531;1
"enem2013179163";NA;"12";1;"https://raw.githubusercontent.com/alexandrejaloto/CATEnem/master/data-raw/imagens/enem2013179163.jpg";"radio_image";"A";"B";"C";"D";"E";"C";1,89761;1,92982;0,21486;1
"enem2013179164";NA;"19";1;"https://raw.githubusercontent.com/alexandrejaloto/CATEnem/master/data-raw/imagens/enem2013179164.jpg";"radio_image";"A";"B";"C";"D";"E";"B";3,376;2,325;0,207;1
"enem2013179165";NA;"23";1;"https://raw.githubusercontent.com/alexandrejaloto/CATEnem/master/data-raw/imagens/enem2013179165.jpg";"radio_image";"A";"B";"C";"D";"E";"D";2,24756;1,93996;0,14157;1
"enem2013179166";NA;"3";1;"https://raw.githubusercontent.com/alexandrejaloto/CATEnem/master/data-raw/imagens/enem2013179166.jpg";"radio_image";"A";"B";"C";"D";"E";"A";1,55431;2,74384;0,13923;1
"enem2013179167";NA;"11";1;"https://raw.githubusercontent.com/alexandrejaloto/CATEnem/master/data-raw/imagens/enem2013179167.jpg";"radio_image";"A";"B";"C";"D";"E";"D";0,66541;1,32509;0,00301;1
"enem2013179168";NA;"22";1;"https://raw.githubusercontent.com/alexandrejaloto/CATEnem/master/data-raw/imagens/enem2013179168.jpg";"radio_image";"A";"B";"C";"D";"E";"E";2,79628;0,94476;0,13614;1
"enem2013179169";NA;"7";1;"https://raw.githubusercontent.com/alexandrejaloto/CATEnem/master/data-raw/imagens/enem2013179169.jpg";"radio_image";"A";"B";"C";"D";"E";"D";1,7295;-0,03256;0,15155;1
"enem2013179170";NA;"10";1;"https://raw.githubusercontent.com/alexandrejaloto/CATEnem/master/data-raw/imagens/enem2013179170.jpg";"radio_image";"A";"B";"C";"D";"E";"C";0,29253;14,23385;0,14042;1
"enem2013179171";NA;"9";1;"https://raw.githubusercontent.com/alexandrejaloto/CATEnem/master/data-raw/imagens/enem2013179171.jpg";"radio_image";"A";"B";"C";"D";"E";"D";1,433;2,406;0,183;1
"enem2013179172";NA;"8";1;"https://raw.githubusercontent.com/alexandrejaloto/CATEnem/master/data-raw/imagens/enem2013179172.jpg";"radio_image";"A";"B";"C";"D";"E";"C";3,59372;2,87014;0,16982;1
"enem2013179173";NA;"6";1;"https://raw.githubusercontent.com/alexandrejaloto/CATEnem/master/data-raw/imagens/enem2013179173.jpg";"radio_image";"A";"B";"C";"D";"E";"B";1,47734;2,12914;0,17148;1
"enem2013179174";NA;"13";1;"https://raw.githubusercontent.com/alexandrejaloto/CATEnem/master/data-raw/imagens/enem2013179174.jpg";"radio_image";"A";"B";"C";"D";"E";"C";1,10104;2,52253;0,20375;1
"enem2013179175";NA;"29";1;"https://raw.githubusercontent.com/alexandrejaloto/CATEnem/master/data-raw/imagens/enem2013179175.jpg";"radio_image";"A";"B";"C";"D";"E";"B";3,68854;3,68435;0,11905;1
"enem2013179176";NA;"30";1;"https://raw.githubusercontent.com/alexandrejaloto/CATEnem/master/data-raw/imagens/enem2013179176.jpg";"radio_image";"A";"B";"C";"D";"E";"A";1,79469;2,14272;0,11122;1
"enem2013179177";NA;"5";1;"https://raw.githubusercontent.com/alexandrejaloto/CATEnem/master/data-raw/imagens/enem2013179177.jpg";"radio_image";"A";"B";"C";"D";"E";"D";1,59488;1,39085;0,14724;1
"enem2013179178";NA;"8";1;"https://raw.githubusercontent.com/alexandrejaloto/CATEnem/master/data-raw/imagens/enem2013179178.jpg";"radio_image";"A";"B";"C";"D";"E";"C";1,79245;1,67777;0,092;1
"enem2013179179";NA;"26";1;"https://raw.githubusercontent.com/alexandrejaloto/CATEnem/master/data-raw/imagens/enem2013179179.jpg";"radio_image";"A";"B";"C";"D";"E";"D";1,02037;2,70479;0,0547;1
"enem2013179180";NA;"11";1;"https://raw.githubusercontent.com/alexandrejaloto/CATEnem/master/data-raw/imagens/enem2013179180.jpg";"radio_image";"A";"B";"C";"D";"E";"E";1,773;1,604;0,23;1
"enem2014207136";NA;"11";1;"https://raw.githubusercontent.com/alexandrejaloto/CATEnem/master/data-raw/imagens/enem2014207136.jpg";"radio_image";"A";"B";"C";"D";"E";"D";1,393;2,527;0,159;1
"enem2014207137";NA;"19";1;"https://raw.githubusercontent.com/alexandrejaloto/CATEnem/master/data-raw/imagens/enem2014207137.jpg";"radio_image";"A";"B";"C";"D";"E";"D";1,59248;2,00335;0,27155;1
"enem2014207138";NA;"3";1;"https://raw.githubusercontent.com/alexandrejaloto/CATEnem/master/data-raw/imagens/enem2014207138.jpg";"radio_image";"A";"B";"C";"D";"E";"C";3,22711;0,34727;0,17002;1
"enem2014207139";NA;"20";1;"https://raw.githubusercontent.com/alexandrejaloto/CATEnem/master/data-raw/imagens/enem2014207139.jpg";"radio_image";"A";"B";"C";"D";"E";"D";1,98404;2,2941;0,12322;1
"enem2014207140";NA;"7";1;"https://raw.githubusercontent.com/alexandrejaloto/CATEnem/master/data-raw/imagens/enem2014207140.jpg";"radio_image";"A";"B";"C";"D";"E";"E";0,78827;0,57549;0,02944;1
"enem2014207141";NA;"25";1;"https://raw.githubusercontent.com/alexandrejaloto/CATEnem/master/data-raw/imagens/enem2014207141.jpg";"radio_image";"A";"B";"C";"D";"E";"E";1,50301;1,15845;0,0992;1
"enem2014207142";NA;"24";1;"https://raw.githubusercontent.com/alexandrejaloto/CATEnem/master/data-raw/imagens/enem2014207142.jpg";"radio_image";"A";"B";"C";"D";"E";"C";1,87001;2,45188;0,18403;1
"enem2014207143";NA;"26";1;"https://raw.githubusercontent.com/alexandrejaloto/CATEnem/master/data-raw/imagens/enem2014207143.jpg";"radio_image";"A";"B";"C";"D";"E";"B";1,96518;0,66623;0,20892;1
"enem2014207144";NA;"4";1;"https://raw.githubusercontent.com/alexandrejaloto/CATEnem/master/data-raw/imagens/enem2014207144.jpg";"radio_image";"A";"B";"C";"D";"E";"B";1,78611;1,16553;0,41758;1
"enem2014207145";NA;"9";1;"https://raw.githubusercontent.com/alexandrejaloto/CATEnem/master/data-raw/imagens/enem2014207145.jpg";"radio_image";"A";"B";"C";"D";"E";"E";2,12088;1,70598;0,13132;1
"enem2014207146";NA;"18";1;"https://raw.githubusercontent.com/alexandrejaloto/CATEnem/master/data-raw/imagens/enem2014207146.jpg";"radio_image";"A";"B";"C";"D";"E";"D";1,61207;2,24783;0,13861;1
"enem2014207147";NA;"18";1;"https://raw.githubusercontent.com/alexandrejaloto/CATEnem/master/data-raw/imagens/enem2014207147.jpg";"radio_image";"A";"B";"C";"D";"E";"B";1,97988;1,52355;0,15177;1
"enem2014207148";NA;"25";1;"https://raw.githubusercontent.com/alexandrejaloto/CATEnem/master/data-raw/imagens/enem2014207148.jpg";"radio_image";"A";"B";"C";"D";"E";"B";1,83986;2,34426;0,21054;1
"enem2014207149";NA;"17";1;"https://raw.githubusercontent.com/alexandrejaloto/CATEnem/master/data-raw/imagens/enem2014207149.jpg";"radio_image";"A";"B";"C";"D";"E";"D";1,05986;-0,36006;0,09786;1
"enem2014207150";NA;"30";1;"https://raw.githubusercontent.com/alexandrejaloto/CATEnem/master/data-raw/imagens/enem2014207150.jpg";"radio_image";"A";"B";"C";"D";"E";"A";2,16526;1,53309;0,1566;1
"enem2014207151";NA;"2";1;"https://raw.githubusercontent.com/alexandrejaloto/CATEnem/master/data-raw/imagens/enem2014207151.jpg";"radio_image";"A";"B";"C";"D";"E";"B";0,31966;5,61338;0,08125;1
"enem2014207152";NA;"28";1;"https://raw.githubusercontent.com/alexandrejaloto/CATEnem/master/data-raw/imagens/enem2014207152.jpg";"radio_image";"A";"B";"C";"D";"E";"B";1,33909;3,71347;0,16889;1
"enem2014207153";NA;"13";1;"https://raw.githubusercontent.com/alexandrejaloto/CATEnem/master/data-raw/imagens/enem2014207153.jpg";"radio_image";"A";"B";"C";"D";"E";"C";1,98973;1,94698;0,25513;1
"enem2014207154";NA;"6";1;"https://raw.githubusercontent.com/alexandrejaloto/CATEnem/master/data-raw/imagens/enem2014207154.jpg";"radio_image";"A";"B";"C";"D";"E";"C";1,37431;1,9954;0,09041;1
"enem2014207155";NA;"27";1;"https://raw.githubusercontent.com/alexandrejaloto/CATEnem/master/data-raw/imagens/enem2014207155.jpg";"radio_image";"A";"B";"C";"D";"E";"B";1,319;2,237;0,043;1
"enem2014207156";NA;"5";1;"https://raw.githubusercontent.com/alexandrejaloto/CATEnem/master/data-raw/imagens/enem2014207156.jpg";"radio_image";"A";"B";"C";"D";"E";"C";1,92266;2,32163;0,16323;1
"enem2014207157";NA;"20";1;"https://raw.githubusercontent.com/alexandrejaloto/CATEnem/master/data-raw/imagens/enem2014207157.jpg";"radio_image";"A";"B";"C";"D";"E";"C";2,23693;1,47277;0,1419;1
"enem2014207158";NA;"14";1;"https://raw.githubusercontent.com/alexandrejaloto/CATEnem/master/data-raw/imagens/enem2014207158.jpg";"radio_image";"A";"B";"C";"D";"E";"E";2,52961;2,78945;0,05833;1
"enem2014207159";NA;"3";1;"https://raw.githubusercontent.com/alexandrejaloto/CATEnem/master/data-raw/imagens/enem2014207159.jpg";"radio_image";"A";"B";"C";"D";"E";"D";1,953;1,224;0,155;1
"enem2014207160";NA;"11";1;"https://raw.githubusercontent.com/alexandrejaloto/CATEnem/master/data-raw/imagens/enem2014207160.jpg";"radio_image";"A";"B";"C";"D";"E";"E";3,07069;1,76537;0,05082;1
"enem2014207161";NA;"29";1;"https://raw.githubusercontent.com/alexandrejaloto/CATEnem/master/data-raw/imagens/enem2014207161.jpg";"radio_image";"A";"B";"C";"D";"E";"A";2,19845;2,03551;0,22723;1
"enem2014207162";NA;"28";1;"https://raw.githubusercontent.com/alexandrejaloto/CATEnem/master/data-raw/imagens/enem2014207162.jpg";"radio_image";"A";"B";"C";"D";"E";"E";1,61297;2,98793;0,21584;1
"enem2014207164";NA;"23";1;"https://raw.githubusercontent.com/alexandrejaloto/CATEnem/master/data-raw/imagens/enem2014207164.jpg";"radio_image";"A";"B";"C";"D";"E";"A";2,13099;1,96098;0,11968;1
"enem2014207165";NA;"2";1;"https://raw.githubusercontent.com/alexandrejaloto/CATEnem/master/data-raw/imagens/enem2014207165.jpg";"radio_image";"A";"B";"C";"D";"E";"E";0,91539;3,76906;0,14461;1
"enem2014207166";NA;"8";1;"https://raw.githubusercontent.com/alexandrejaloto/CATEnem/master/data-raw/imagens/enem2014207166.jpg";"radio_image";"A";"B";"C";"D";"E";"A";0,15248;11,43966;0,21171;1
"enem2014207167";NA;"19";1;"https://raw.githubusercontent.com/alexandrejaloto/CATEnem/master/data-raw/imagens/enem2014207167.jpg";"radio_image";"A";"B";"C";"D";"E";"D";1,69037;3,30438;0,12863;1
"enem2014207168";NA;"16";1;"https://raw.githubusercontent.com/alexandrejaloto/CATEnem/master/data-raw/imagens/enem2014207168.jpg";"radio_image";"A";"B";"C";"D";"E";"D";2,36469;2,376;0,0966;1
"enem2014207169";NA;"18";1;"https://raw.githubusercontent.com/alexandrejaloto/CATEnem/master/data-raw/imagens/enem2014207169.jpg";"radio_image";"A";"B";"C";"D";"E";"C";1,58133;2,1276;0,12547;1
"enem2014207170";NA;"29";1;"https://raw.githubusercontent.com/alexandrejaloto/CATEnem/master/data-raw/imagens/enem2014207170.jpg";"radio_image";"A";"B";"C";"D";"E";"D";1,6867;1,70676;0,16663;1
"enem2014207171";NA;"8";1;"https://raw.githubusercontent.com/alexandrejaloto/CATEnem/master/data-raw/imagens/enem2014207171.jpg";"radio_image";"A";"B";"C";"D";"E";"A";2,15467;2,05479;0,15025;1
"enem2014207172";NA;"20";1;"https://raw.githubusercontent.com/alexandrejaloto/CATEnem/master/data-raw/imagens/enem2014207172.jpg";"radio_image";"A";"B";"C";"D";"E";"A";1,54729;0,48664;0,03026;1
"enem2014207173";NA;"16";1;"https://raw.githubusercontent.com/alexandrejaloto/CATEnem/master/data-raw/imagens/enem2014207173.jpg";"radio_image";"A";"B";"C";"D";"E";"B";1,44554;2,04929;0,1339;1
"enem2014207174";NA;"14";1;"https://raw.githubusercontent.com/alexandrejaloto/CATEnem/master/data-raw/imagens/enem2014207174.jpg";"radio_image";"A";"B";"C";"D";"E";"A";3,2818;1,51223;0,15055;1
"enem2014207175";NA;"21";1;"https://raw.githubusercontent.com/alexandrejaloto/CATEnem/master/data-raw/imagens/enem2014207175.jpg";"radio_image";"A";"B";"C";"D";"E";"B";1,55715;1,8146;0,15858;1
"enem2014207176";NA;"23";1;"https://raw.githubusercontent.com/alexandrejaloto/CATEnem/master/data-raw/imagens/enem2014207176.jpg";"radio_image";"A";"B";"C";"D";"E";"D";1,79888;1,88929;0,15126;1
"enem2014207177";NA;"1";1;"https://raw.githubusercontent.com/alexandrejaloto/CATEnem/master/data-raw/imagens/enem2014207177.jpg";"radio_image";"A";"B";"C";"D";"E";"C";1,72864;-0,40621;0,19395;1
"enem2014207178";NA;"10";1;"https://raw.githubusercontent.com/alexandrejaloto/CATEnem/master/data-raw/imagens/enem2014207178.jpg";"radio_image";"A";"B";"C";"D";"E";"E";1,28222;1,73128;0,1263;1
"enem2014207179";NA;"18";1;"https://raw.githubusercontent.com/alexandrejaloto/CATEnem/master/data-raw/imagens/enem2014207179.jpg";"radio_image";"A";"B";"C";"D";"E";"C";2,528;0,77827;0,17369;1
"enem2014207180";NA;"4";1;"https://raw.githubusercontent.com/alexandrejaloto/CATEnem/master/data-raw/imagens/enem2014207180.jpg";"radio_image";"A";"B";"C";"D";"E";"A";3,21361;2,43555;0,11686;1
"enem2015243136";NA;"23";1;"https://raw.githubusercontent.com/alexandrejaloto/CATEnem/master/data-raw/imagens/enem2015243136.jpg";"radio_image";"A";"B";"C";"D";"E";"D";2,00377;3,51933;0,20374;1
"enem2015243137";NA;"19";1;"https://raw.githubusercontent.com/alexandrejaloto/CATEnem/master/data-raw/imagens/enem2015243137.jpg";"radio_image";"A";"B";"C";"D";"E";"B";1,86527;2,44217;0,16755;1
"enem2015243138";NA;"15";1;"https://raw.githubusercontent.com/alexandrejaloto/CATEnem/master/data-raw/imagens/enem2015243138.jpg";"radio_image";"A";"B";"C";"D";"E";"B";1,44654;-0,39957;0,20014;1
"enem2015243139";NA;"24";1;"https://raw.githubusercontent.com/alexandrejaloto/CATEnem/master/data-raw/imagens/enem2015243139.jpg";"radio_image";"A";"B";"C";"D";"E";"B";1,174;2,83932;0,24418;1
"enem2015243140";NA;"9";1;"https://raw.githubusercontent.com/alexandrejaloto/CATEnem/master/data-raw/imagens/enem2015243140.jpg";"radio_image";"A";"B";"C";"D";"E";"A";1,33762;2,31697;0,20623;1
"enem2015243141";NA;"20";1;"https://raw.githubusercontent.com/alexandrejaloto/CATEnem/master/data-raw/imagens/enem2015243141.jpg";"radio_image";"A";"B";"C";"D";"E";"D";1,58698;0,5657;0,15746;1
"enem2015243142";NA;"24";1;"https://raw.githubusercontent.com/alexandrejaloto/CATEnem/master/data-raw/imagens/enem2015243142.jpg";"radio_image";"A";"B";"C";"D";"E";"C";1,4522;2,82021;0,18333;1
"enem2015243143";NA;"8";1;"https://raw.githubusercontent.com/alexandrejaloto/CATEnem/master/data-raw/imagens/enem2015243143.jpg";"radio_image";"A";"B";"C";"D";"E";"A";2,15675;0,94349;0,1759;1
"enem2015243144";NA;"11";1;"https://raw.githubusercontent.com/alexandrejaloto/CATEnem/master/data-raw/imagens/enem2015243144.jpg";"radio_image";"A";"B";"C";"D";"E";"D";2,84267;1,10396;0,19698;1
"enem2015243145";NA;"21";1;"https://raw.githubusercontent.com/alexandrejaloto/CATEnem/master/data-raw/imagens/enem2015243145.jpg";"radio_image";"A";"B";"C";"D";"E";"A";3,46951;4,11405;0,1258;1
"enem2015243146";NA;"5";1;"https://raw.githubusercontent.com/alexandrejaloto/CATEnem/master/data-raw/imagens/enem2015243146.jpg";"radio_image";"A";"B";"C";"D";"E";"E";1,74749;2,59319;0,14249;1
"enem2015243147";NA;"17";1;"https://raw.githubusercontent.com/alexandrejaloto/CATEnem/master/data-raw/imagens/enem2015243147.jpg";"radio_image";"A";"B";"C";"D";"E";"A";1,66698;2,59975;0,20736;1
"enem2015243148";NA;"7";1;"https://raw.githubusercontent.com/alexandrejaloto/CATEnem/master/data-raw/imagens/enem2015243148.jpg";"radio_image";"A";"B";"C";"D";"E";"E";1,03003;2,09956;0,1707;1
"enem2015243149";NA;"28";1;"https://raw.githubusercontent.com/alexandrejaloto/CATEnem/master/data-raw/imagens/enem2015243149.jpg";"radio_image";"A";"B";"C";"D";"E";"D";3,41203;3,8793;0,05419;1
"enem2015243150";NA;"25";1;"https://raw.githubusercontent.com/alexandrejaloto/CATEnem/master/data-raw/imagens/enem2015243150.jpg";"radio_image";"A";"B";"C";"D";"E";"C";2,15388;2,04178;0,28781;1
"enem2015243151";NA;"8";1;"https://raw.githubusercontent.com/alexandrejaloto/CATEnem/master/data-raw/imagens/enem2015243151.jpg";"radio_image";"A";"B";"C";"D";"E";"A";1,42194;1,80813;0,2745;1
"enem2015243152";NA;"3";1;"https://raw.githubusercontent.com/alexandrejaloto/CATEnem/master/data-raw/imagens/enem2015243152.jpg";"radio_image";"A";"B";"C";"D";"E";"D";0,87277;2,82511;0,21108;1
"enem2015243153";NA;"10";1;"https://raw.githubusercontent.com/alexandrejaloto/CATEnem/master/data-raw/imagens/enem2015243153.jpg";"radio_image";"A";"B";"C";"D";"E";"C";2,52928;2,33098;0,19899;1
"enem2015243154";NA;"23";1;"https://raw.githubusercontent.com/alexandrejaloto/CATEnem/master/data-raw/imagens/enem2015243154.jpg";"radio_image";"A";"B";"C";"D";"E";"B";1,76806;1,06274;0,21458;1
"enem2015243155";NA;"3";1;"https://raw.githubusercontent.com/alexandrejaloto/CATEnem/master/data-raw/imagens/enem2015243155.jpg";"radio_image";"A";"B";"C";"D";"E";"E";1,16472;3,02993;0,1036;1
"enem2015243156";NA;"7";1;"https://raw.githubusercontent.com/alexandrejaloto/CATEnem/master/data-raw/imagens/enem2015243156.jpg";"radio_image";"A";"B";"C";"D";"E";"C";1,98262;2,01086;0,12481;1
"enem2015243157";NA;"18";1;"https://raw.githubusercontent.com/alexandrejaloto/CATEnem/master/data-raw/imagens/enem2015243157.jpg";"radio_image";"A";"B";"C";"D";"E";"A";0,32005;6,3679;0,15202;1
"enem2015243158";NA;"30";1;"https://raw.githubusercontent.com/alexandrejaloto/CATEnem/master/data-raw/imagens/enem2015243158.jpg";"radio_image";"A";"B";"C";"D";"E";"A";1,49081;4,5172;0,09464;1
"enem2015243159";NA;"19";1;"https://raw.githubusercontent.com/alexandrejaloto/CATEnem/master/data-raw/imagens/enem2015243159.jpg";"radio_image";"A";"B";"C";"D";"E";"E";2,81962;1,8236;0,11266;1
"enem2015243160";NA;"27";1;"https://raw.githubusercontent.com/alexandrejaloto/CATEnem/master/data-raw/imagens/enem2015243160.jpg";"radio_image";"A";"B";"C";"D";"E";"D";1,62208;1,72592;0,10767;1
"enem2015243161";NA;"13";1;"https://raw.githubusercontent.com/alexandrejaloto/CATEnem/master/data-raw/imagens/enem2015243161.jpg";"radio_image";"A";"B";"C";"D";"E";"A";1,9866;1,68438;0,2727;1
"enem2015243162";NA;"4";1;"https://raw.githubusercontent.com/alexandrejaloto/CATEnem/master/data-raw/imagens/enem2015243162.jpg";"radio_image";"A";"B";"C";"D";"E";"C";1,74587;2,17499;0,30318;1
"enem2015243163";NA;"14";1;"https://raw.githubusercontent.com/alexandrejaloto/CATEnem/master/data-raw/imagens/enem2015243163.jpg";"radio_image";"A";"B";"C";"D";"E";"C";2,89731;1,93082;0,19951;1
"enem2015243164";NA;"9";1;"https://raw.githubusercontent.com/alexandrejaloto/CATEnem/master/data-raw/imagens/enem2015243164.jpg";"radio_image";"A";"B";"C";"D";"E";"C";1,63224;1,56733;0,11271;1
"enem2015243165";NA;"21";1;"https://raw.githubusercontent.com/alexandrejaloto/CATEnem/master/data-raw/imagens/enem2015243165.jpg";"radio_image";"A";"B";"C";"D";"E";"E";3,4161;4,31587;0,12228;1
"enem2015243166";NA;"29";1;"https://raw.githubusercontent.com/alexandrejaloto/CATEnem/master/data-raw/imagens/enem2015243166.jpg";"radio_image";"A";"B";"C";"D";"E";"B";1,65509;2,78727;0,08102;1
"enem2015243167";NA;"12";1;"https://raw.githubusercontent.com/alexandrejaloto/CATEnem/master/data-raw/imagens/enem2015243167.jpg";"radio_image";"A";"B";"C";"D";"E";"D";1,18579;2,81649;0,17915;1
"enem2015243168";NA;"6";1;"https://raw.githubusercontent.com/alexandrejaloto/CATEnem/master/data-raw/imagens/enem2015243168.jpg";"radio_image";"A";"B";"C";"D";"E";"E";2,02151;2,54329;0,23534;1
"enem2015243169";NA;"1";1;"https://raw.githubusercontent.com/alexandrejaloto/CATEnem/master/data-raw/imagens/enem2015243169.jpg";"radio_image";"A";"B";"C";"D";"E";"C";1,76491;1,26471;0,11821;1
"enem2015243170";NA;"2";1;"https://raw.githubusercontent.com/alexandrejaloto/CATEnem/master/data-raw/imagens/enem2015243170.jpg";"radio_image";"A";"B";"C";"D";"E";"A";1,70587;3,19644;0,20825;1
"enem2015243171";NA;"22";1;"https://raw.githubusercontent.com/alexandrejaloto/CATEnem/master/data-raw/imagens/enem2015243171.jpg";"radio_image";"A";"B";"C";"D";"E";"B";2,14018;2,40051;0,21976;1
"enem2015243172";NA;"17";1;"https://raw.githubusercontent.com/alexandrejaloto/CATEnem/master/data-raw/imagens/enem2015243172.jpg";"radio_image";"A";"B";"C";"D";"E";"D";1,2254;0,80613;0,17857;1
"enem2015243173";NA;"16";1;"https://raw.githubusercontent.com/alexandrejaloto/CATEnem/master/data-raw/imagens/enem2015243173.jpg";"radio_image";"A";"B";"C";"D";"E";"B";2,75038;1,06733;0,22876;1
"enem2015243174";NA;"10";1;"https://raw.githubusercontent.com/alexandrejaloto/CATEnem/master/data-raw/imagens/enem2015243174.jpg";"radio_image";"A";"B";"C";"D";"E";"E";1,77201;1,70467;0,12269;1
"enem2015243175";NA;"29";1;"https://raw.githubusercontent.com/alexandrejaloto/CATEnem/master/data-raw/imagens/enem2015243175.jpg";"radio_image";"A";"B";"C";"D";"E";"E";0,78524;3,80554;0,1831;1
"enem2015243176";NA;"22";1;"https://raw.githubusercontent.com/alexandrejaloto/CATEnem/master/data-raw/imagens/enem2015243176.jpg";"radio_image";"A";"B";"C";"D";"E";"D";0,79707;5,35024;0,16493;1
"enem2015243177";NA;"1";1;"https://raw.githubusercontent.com/alexandrejaloto/CATEnem/master/data-raw/imagens/enem2015243177.jpg";"radio_image";"A";"B";"C";"D";"E";"E";1,54884;0,96427;0,24491;1
"enem2015243178";NA;"26";1;"https://raw.githubusercontent.com/alexandrejaloto/CATEnem/master/data-raw/imagens/enem2015243178.jpg";"radio_image";"A";"B";"C";"D";"E";"B";1,49174;-0,42299;0,19323;1
"enem2015243179";NA;"14";1;"https://raw.githubusercontent.com/alexandrejaloto/CATEnem/master/data-raw/imagens/enem2015243179.jpg";"radio_image";"A";"B";"C";"D";"E";"C";2,62877;2,01353;0,11918;1
"enem2015243180";NA;"28";1;"https://raw.githubusercontent.com/alexandrejaloto/CATEnem/master/data-raw/imagens/enem2015243180.jpg";"radio_image";"A";"B";"C";"D";"E";"C";1,06024;-0,23853;0,20527;1
"enem2016303136";NA;"12";1;"https://raw.githubusercontent.com/alexandrejaloto/CATEnem/master/data-raw/imagens/enem2016303136.jpg";"radio_image";"A";"B";"C";"D";"E";"D";2,63746;2,11088;0,28635;1
"enem2016303137";NA;"11";1;"https://raw.githubusercontent.com/alexandrejaloto/CATEnem/master/data-raw/imagens/enem2016303137.jpg";"radio_image";"A";"B";"C";"D";"E";"A";2,81671;1,63196;0,30232;1
"enem2016303138";NA;"10";1;"https://raw.githubusercontent.com/alexandrejaloto/CATEnem/master/data-raw/imagens/enem2016303138.jpg";"radio_image";"A";"B";"C";"D";"E";"D";1,78461;0,5442;0,17099;1
"enem2016303139";NA;"20";1;"https://raw.githubusercontent.com/alexandrejaloto/CATEnem/master/data-raw/imagens/enem2016303139.jpg";"radio_image";"A";"B";"C";"D";"E";"C";1,66308;1,89621;0,13493;1
"enem2016303140";NA;"29";1;"https://raw.githubusercontent.com/alexandrejaloto/CATEnem/master/data-raw/imagens/enem2016303140.jpg";"radio_image";"A";"B";"C";"D";"E";"C";1,37969;1,86612;0,22417;1
"enem2016303141";NA;"17";1;"https://raw.githubusercontent.com/alexandrejaloto/CATEnem/master/data-raw/imagens/enem2016303141.jpg";"radio_image";"A";"B";"C";"D";"E";"E";1,63837;2,68497;0,14392;1
"enem2016303142";NA;"8";1;"https://raw.githubusercontent.com/alexandrejaloto/CATEnem/master/data-raw/imagens/enem2016303142.jpg";"radio_image";"A";"B";"C";"D";"E";"C";1,07664;1,11684;0,13937;1
"enem2016303143";NA;"14";1;"https://raw.githubusercontent.com/alexandrejaloto/CATEnem/master/data-raw/imagens/enem2016303143.jpg";"radio_image";"A";"B";"C";"D";"E";"B";2,19275;2,46663;0,11939;1
"enem2016303144";NA;"29";1;"https://raw.githubusercontent.com/alexandrejaloto/CATEnem/master/data-raw/imagens/enem2016303144.jpg";"radio_image";"A";"B";"C";"D";"E";"D";1,57797;0,76944;0,09447;1
"enem2016303145";NA;"23";1;"https://raw.githubusercontent.com/alexandrejaloto/CATEnem/master/data-raw/imagens/enem2016303145.jpg";"radio_image";"A";"B";"C";"D";"E";"E";1,41103;2,11256;0,1529;1
"enem2016303146";NA;"5";1;"https://raw.githubusercontent.com/alexandrejaloto/CATEnem/master/data-raw/imagens/enem2016303146.jpg";"radio_image";"A";"B";"C";"D";"E";"C";1,78123;1,4705;0,17889;1
"enem2016303147";NA;"2";1;"https://raw.githubusercontent.com/alexandrejaloto/CATEnem/master/data-raw/imagens/enem2016303147.jpg";"radio_image";"A";"B";"C";"D";"E";"A";1,35187;2,42336;0,15877;1
"enem2016303148";NA;"1";1;"https://raw.githubusercontent.com/alexandrejaloto/CATEnem/master/data-raw/imagens/enem2016303148.jpg";"radio_image";"A";"B";"C";"D";"E";"D";1,50889;1,52149;0,16712;1
"enem2016303149";NA;"26";1;"https://raw.githubusercontent.com/alexandrejaloto/CATEnem/master/data-raw/imagens/enem2016303149.jpg";"radio_image";"A";"B";"C";"D";"E";"C";1,64539;1,89258;0,19287;1
"enem2016303150";NA;"15";1;"https://raw.githubusercontent.com/alexandrejaloto/CATEnem/master/data-raw/imagens/enem2016303150.jpg";"radio_image";"A";"B";"C";"D";"E";"B";1,03364;2,43323;0,16635;1
"enem2016303151";NA;"25";1;"https://raw.githubusercontent.com/alexandrejaloto/CATEnem/master/data-raw/imagens/enem2016303151.jpg";"radio_image";"A";"B";"C";"D";"E";"A";1,82869;1,82931;0,18734;1
"enem2016303152";NA;"28";1;"https://raw.githubusercontent.com/alexandrejaloto/CATEnem/master/data-raw/imagens/enem2016303152.jpg";"radio_image";"A";"B";"C";"D";"E";"C";1,63497;3,74711;0,20983;1
"enem2016303153";NA;"28";1;"https://raw.githubusercontent.com/alexandrejaloto/CATEnem/master/data-raw/imagens/enem2016303153.jpg";"radio_image";"A";"B";"C";"D";"E";"D";1,11894;0,27904;0,19659;1
"enem2016303154";NA;"13";1;"https://raw.githubusercontent.com/alexandrejaloto/CATEnem/master/data-raw/imagens/enem2016303154.jpg";"radio_image";"A";"B";"C";"D";"E";"B";1,78999;0,80312;0,19843;1
"enem2016303155";NA;"6";1;"https://raw.githubusercontent.com/alexandrejaloto/CATEnem/master/data-raw/imagens/enem2016303155.jpg";"radio_image";"A";"B";"C";"D";"E";"C";0,94342;-0,40779;0,19983;1
"enem2016303156";NA;"16";1;"https://raw.githubusercontent.com/alexandrejaloto/CATEnem/master/data-raw/imagens/enem2016303156.jpg";"radio_image";"A";"B";"C";"D";"E";"E";2,1306;1,96996;0,09445;1
"enem2016303157";NA;"27";1;"https://raw.githubusercontent.com/alexandrejaloto/CATEnem/master/data-raw/imagens/enem2016303157.jpg";"radio_image";"A";"B";"C";"D";"E";"E";2,78017;0,90583;0,12599;1
"enem2016303158";NA;"24";1;"https://raw.githubusercontent.com/alexandrejaloto/CATEnem/master/data-raw/imagens/enem2016303158.jpg";"radio_image";"A";"B";"C";"D";"E";"A";0,98951;1,93987;0,07908;1
"enem2016303159";NA;"30";1;"https://raw.githubusercontent.com/alexandrejaloto/CATEnem/master/data-raw/imagens/enem2016303159.jpg";"radio_image";"A";"B";"C";"D";"E";"B";2,16875;2,57525;0,18866;1
"enem2016303160";NA;"21";1;"https://raw.githubusercontent.com/alexandrejaloto/CATEnem/master/data-raw/imagens/enem2016303160.jpg";"radio_image";"A";"B";"C";"D";"E";"D";0,86661;3,92011;0,186;1
"enem2016303161";NA;"8";1;"https://raw.githubusercontent.com/alexandrejaloto/CATEnem/master/data-raw/imagens/enem2016303161.jpg";"radio_image";"A";"B";"C";"D";"E";"D";1,98636;2,03775;0,14588;1
"enem2016303162";NA;"26";1;"https://raw.githubusercontent.com/alexandrejaloto/CATEnem/master/data-raw/imagens/enem2016303162.jpg";"radio_image";"A";"B";"C";"D";"E";"A";1,8996;2,1059;0,1077;1
"enem2016303163";NA;"3";1;"https://raw.githubusercontent.com/alexandrejaloto/CATEnem/master/data-raw/imagens/enem2016303163.jpg";"radio_image";"A";"B";"C";"D";"E";"A";1,46119;2,45335;0,12054;1
"enem2016303164";NA;"4";1;"https://raw.githubusercontent.com/alexandrejaloto/CATEnem/master/data-raw/imagens/enem2016303164.jpg";"radio_image";"A";"B";"C";"D";"E";"B";1,82503;1,84464;0,15051;1
"enem2016303165";NA;"3";1;"https://raw.githubusercontent.com/alexandrejaloto/CATEnem/master/data-raw/imagens/enem2016303165.jpg";"radio_image";"A";"B";"C";"D";"E";"D";1,15634;2,81506;0,10382;1
"enem2016303166";NA;"22";1;"https://raw.githubusercontent.com/alexandrejaloto/CATEnem/master/data-raw/imagens/enem2016303166.jpg";"radio_image";"A";"B";"C";"D";"E";"B";1,67523;2,64728;0,24232;1
"enem2016303167";NA;"21";1;"https://raw.githubusercontent.com/alexandrejaloto/CATEnem/master/data-raw/imagens/enem2016303167.jpg";"radio_image";"A";"B";"C";"D";"E";"C";2,10247;2,63616;0,2797;1
"enem2016303168";NA;"2";1;"https://raw.githubusercontent.com/alexandrejaloto/CATEnem/master/data-raw/imagens/enem2016303168.jpg";"radio_image";"A";"B";"C";"D";"E";"E";2,05535;2,59645;0,17208;1
"enem2016303169";NA;"18";1;"https://raw.githubusercontent.com/alexandrejaloto/CATEnem/master/data-raw/imagens/enem2016303169.jpg";"radio_image";"A";"B";"C";"D";"E";"A";0,29852;10,12436;0,15255;1
"enem2016303170";NA;"27";1;"https://raw.githubusercontent.com/alexandrejaloto/CATEnem/master/data-raw/imagens/enem2016303170.jpg";"radio_image";"A";"B";"C";"D";"E";"D";2,42957;1,79574;0,0949;1
"enem2016303171";NA;"25";1;"https://raw.githubusercontent.com/alexandrejaloto/CATEnem/master/data-raw/imagens/enem2016303171.jpg";"radio_image";"A";"B";"C";"D";"E";"D";1,60951;3,12558;0,13029;1
"enem2016303172";NA;"9";1;"https://raw.githubusercontent.com/alexandrejaloto/CATEnem/master/data-raw/imagens/enem2016303172.jpg";"radio_image";"A";"B";"C";"D";"E";"B";1,27355;2,80412;0,19635;1
"enem2016303173";NA;"24";1;"https://raw.githubusercontent.com/alexandrejaloto/CATEnem/master/data-raw/imagens/enem2016303173.jpg";"radio_image";"A";"B";"C";"D";"E";"E";1,62289;1,84916;0,15371;1
"enem2016303174";NA;"12";1;"https://raw.githubusercontent.com/alexandrejaloto/CATEnem/master/data-raw/imagens/enem2016303174.jpg";"radio_image";"A";"B";"C";"D";"E";"C";2,21669;1,90224;0,18132;1
"enem2016303175";NA;"7";1;"https://raw.githubusercontent.com/alexandrejaloto/CATEnem/master/data-raw/imagens/enem2016303175.jpg";"radio_image";"A";"B";"C";"D";"E";"E";2,94115;4,08667;0,1354;1
"enem2016303176";NA;"20";1;"https://raw.githubusercontent.com/alexandrejaloto/CATEnem/master/data-raw/imagens/enem2016303176.jpg";"radio_image";"A";"B";"C";"D";"E";"B";2,24873;1,70422;0,17961;1
"enem2016303177";NA;"4";1;"https://raw.githubusercontent.com/alexandrejaloto/CATEnem/master/data-raw/imagens/enem2016303177.jpg";"radio_image";"A";"B";"C";"D";"E";"A";1,75245;1,16274;0,08471;1
"enem2016303178";NA;"6";1;"https://raw.githubusercontent.com/alexandrejaloto/CATEnem/master/data-raw/imagens/enem2016303178.jpg";"radio_image";"A";"B";"C";"D";"E";"E";1,60611;2,5091;0,06869;1
"enem2016303179";NA;"17";1;"https://raw.githubusercontent.com/alexandrejaloto/CATEnem/master/data-raw/imagens/enem2016303179.jpg";"radio_image";"A";"B";"C";"D";"E";"B";1,64372;1,00596;0,08678;1
"enem2016303180";NA;"19";1;"https://raw.githubusercontent.com/alexandrejaloto/CATEnem/master/data-raw/imagens/enem2016303180.jpg";"radio_image";"A";"B";"C";"D";"E";"C";1,75029;3,06564;0,15981;1
"enem2017403136";NA;"19";1;"https://raw.githubusercontent.com/alexandrejaloto/CATEnem/master/data-raw/imagens/enem2017403136.jpg";"radio_image";"A";"B";"C";"D";"E";"A";0,80131;4,14316;0,1181;1
"enem2017403137";NA;"23";1;"https://raw.githubusercontent.com/alexandrejaloto/CATEnem/master/data-raw/imagens/enem2017403137.jpg";"radio_image";"A";"B";"C";"D";"E";"D";0,76406;4,65555;0,13227;1
"enem2017403138";NA;"8";1;"https://raw.githubusercontent.com/alexandrejaloto/CATEnem/master/data-raw/imagens/enem2017403138.jpg";"radio_image";"A";"B";"C";"D";"E";"B";2,52165;1,59123;0,16603;1
"enem2017403139";NA;"20";1;"https://raw.githubusercontent.com/alexandrejaloto/CATEnem/master/data-raw/imagens/enem2017403139.jpg";"radio_image";"A";"B";"C";"D";"E";"C";2,27998;1,44146;0,30754;1
"enem2017403140";NA;"12";1;"https://raw.githubusercontent.com/alexandrejaloto/CATEnem/master/data-raw/imagens/enem2017403140.jpg";"radio_image";"A";"B";"C";"D";"E";"C";1,91773;3,70512;0,08701;1
"enem2017403141";NA;"5";1;"https://raw.githubusercontent.com/alexandrejaloto/CATEnem/master/data-raw/imagens/enem2017403141.jpg";"radio_image";"A";"B";"C";"D";"E";"E";2,7463;2,15592;0,06966;1
"enem2017403142";NA;"13";1;"https://raw.githubusercontent.com/alexandrejaloto/CATEnem/master/data-raw/imagens/enem2017403142.jpg";"radio_image";"A";"B";"C";"D";"E";"C";0,92225;3,2473;0,18467;1
"enem2017403143";NA;"2";1;"https://raw.githubusercontent.com/alexandrejaloto/CATEnem/master/data-raw/imagens/enem2017403143.jpg";"radio_image";"A";"B";"C";"D";"E";"B";2,4349;1,74779;0,22339;1
"enem2017403144";NA;"14";1;"https://raw.githubusercontent.com/alexandrejaloto/CATEnem/master/data-raw/imagens/enem2017403144.jpg";"radio_image";"A";"B";"C";"D";"E";"B";1,54842;2,44318;0,17992;1
"enem2017403145";NA;"17";1;"https://raw.githubusercontent.com/alexandrejaloto/CATEnem/master/data-raw/imagens/enem2017403145.jpg";"radio_image";"A";"B";"C";"D";"E";"D";1,35417;2,03899;0,09909;1
"enem2017403146";NA;"3";1;"https://raw.githubusercontent.com/alexandrejaloto/CATEnem/master/data-raw/imagens/enem2017403146.jpg";"radio_image";"A";"B";"C";"D";"E";"B";2,16313;2,04605;0,18365;1
"enem2017403147";NA;"25";1;"https://raw.githubusercontent.com/alexandrejaloto/CATEnem/master/data-raw/imagens/enem2017403147.jpg";"radio_image";"A";"B";"C";"D";"E";"A";2,04425;1,81095;0,22729;1
"enem2017403148";NA;"7";1;"https://raw.githubusercontent.com/alexandrejaloto/CATEnem/master/data-raw/imagens/enem2017403148.jpg";"radio_image";"A";"B";"C";"D";"E";"E";0,96268;1,34664;0,01124;1
"enem2017403149";NA;"29";1;"https://raw.githubusercontent.com/alexandrejaloto/CATEnem/master/data-raw/imagens/enem2017403149.jpg";"radio_image";"A";"B";"C";"D";"E";"B";1,67089;2,41733;0,24803;1
"enem2017403150";NA;"9";1;"https://raw.githubusercontent.com/alexandrejaloto/CATEnem/master/data-raw/imagens/enem2017403150.jpg";"radio_image";"A";"B";"C";"D";"E";"B";2,22842;1,02866;0,13443;1
"enem2017403151";NA;"30";1;"https://raw.githubusercontent.com/alexandrejaloto/CATEnem/master/data-raw/imagens/enem2017403151.jpg";"radio_image";"A";"B";"C";"D";"E";"D";2,48432;2,07643;0,19837;1
"enem2017403152";NA;"15";1;"https://raw.githubusercontent.com/alexandrejaloto/CATEnem/master/data-raw/imagens/enem2017403152.jpg";"radio_image";"A";"B";"C";"D";"E";"D";2,2319;2,33706;0,10368;1
"enem2017403153";NA;"8";1;"https://raw.githubusercontent.com/alexandrejaloto/CATEnem/master/data-raw/imagens/enem2017403153.jpg";"radio_image";"A";"B";"C";"D";"E";"D";1,78755;0,20972;0,13567;1
"enem2017403154";NA;"6";1;"https://raw.githubusercontent.com/alexandrejaloto/CATEnem/master/data-raw/imagens/enem2017403154.jpg";"radio_image";"A";"B";"C";"D";"E";"A";0,74136;0,13558;0,20302;1
"enem2017403155";NA;"29";1;"https://raw.githubusercontent.com/alexandrejaloto/CATEnem/master/data-raw/imagens/enem2017403155.jpg";"radio_image";"A";"B";"C";"D";"E";"B";2,06629;3,8013;0,12848;1
"enem2017403156";NA;"9";1;"https://raw.githubusercontent.com/alexandrejaloto/CATEnem/master/data-raw/imagens/enem2017403156.jpg";"radio_image";"A";"B";"C";"D";"E";"D";1,7001;1,27713;0,14108;1
"enem2017403157";NA;"1";1;"https://raw.githubusercontent.com/alexandrejaloto/CATEnem/master/data-raw/imagens/enem2017403157.jpg";"radio_image";"A";"B";"C";"D";"E";"C";6,20439;2,65817;0,20972;1
"enem2017403158";NA;"11";1;"https://raw.githubusercontent.com/alexandrejaloto/CATEnem/master/data-raw/imagens/enem2017403158.jpg";"radio_image";"A";"B";"C";"D";"E";"C";1,9221;1,80836;0,15255;1
"enem2017403159";NA;"4";1;"https://raw.githubusercontent.com/alexandrejaloto/CATEnem/master/data-raw/imagens/enem2017403159.jpg";"radio_image";"A";"B";"C";"D";"E";"D";2,14608;2,90712;0,05065;1
"enem2017403160";NA;"3";1;"https://raw.githubusercontent.com/alexandrejaloto/CATEnem/master/data-raw/imagens/enem2017403160.jpg";"radio_image";"A";"B";"C";"D";"E";"E";1,73135;1,81579;0,18263;1
"enem2017403161";NA;"21";1;"https://raw.githubusercontent.com/alexandrejaloto/CATEnem/master/data-raw/imagens/enem2017403161.jpg";"radio_image";"A";"B";"C";"D";"E";"D";1,92882;2,59593;0,26714;1
"enem2017403162";NA;"22";1;"https://raw.githubusercontent.com/alexandrejaloto/CATEnem/master/data-raw/imagens/enem2017403162.jpg";"radio_image";"A";"B";"C";"D";"E";"E";0,94629;2,51063;0,16509;1
"enem2017403163";NA;"4";1;"https://raw.githubusercontent.com/alexandrejaloto/CATEnem/master/data-raw/imagens/enem2017403163.jpg";"radio_image";"A";"B";"C";"D";"E";"C";2,27542;0,97568;0,19626;1
"enem2017403164";NA;"16";1;"https://raw.githubusercontent.com/alexandrejaloto/CATEnem/master/data-raw/imagens/enem2017403164.jpg";"radio_image";"A";"B";"C";"D";"E";"B";3,21079;2,77172;0,21678;1
"enem2017403165";NA;"26";1;"https://raw.githubusercontent.com/alexandrejaloto/CATEnem/master/data-raw/imagens/enem2017403165.jpg";"radio_image";"A";"B";"C";"D";"E";"E";1,5736;3,62845;0,17737;1
"enem2017403166";NA;"19";1;"https://raw.githubusercontent.com/alexandrejaloto/CATEnem/master/data-raw/imagens/enem2017403166.jpg";"radio_image";"A";"B";"C";"D";"E";"A";2,81902;2,85105;0,15009;1
"enem2017403167";NA;"12";1;"https://raw.githubusercontent.com/alexandrejaloto/CATEnem/master/data-raw/imagens/enem2017403167.jpg";"radio_image";"A";"B";"C";"D";"E";"C";2,24077;1,33784;0,13824;1
"enem2017403168";NA;"21";1;"https://raw.githubusercontent.com/alexandrejaloto/CATEnem/master/data-raw/imagens/enem2017403168.jpg";"radio_image";"A";"B";"C";"D";"E";"D";2,30232;2,40148;0,07097;1
"enem2017403169";NA;"26";1;"https://raw.githubusercontent.com/alexandrejaloto/CATEnem/master/data-raw/imagens/enem2017403169.jpg";"radio_image";"A";"B";"C";"D";"E";"A";3,29084;1,89557;0,07463;1
"enem2017403170";NA;"1";1;"https://raw.githubusercontent.com/alexandrejaloto/CATEnem/master/data-raw/imagens/enem2017403170.jpg";"radio_image";"A";"B";"C";"D";"E";"E";2,76093;1,9432;0,25844;1
"enem2017403171";NA;"22";1;"https://raw.githubusercontent.com/alexandrejaloto/CATEnem/master/data-raw/imagens/enem2017403171.jpg";"radio_image";"A";"B";"C";"D";"E";"A";1,03002;2,41844;0,24519;1
"enem2017403172";NA;"25";1;"https://raw.githubusercontent.com/alexandrejaloto/CATEnem/master/data-raw/imagens/enem2017403172.jpg";"radio_image";"A";"B";"C";"D";"E";"A";1,38959;1,55638;0,17025;1
"enem2017403173";NA;"10";1;"https://raw.githubusercontent.com/alexandrejaloto/CATEnem/master/data-raw/imagens/enem2017403173.jpg";"radio_image";"A";"B";"C";"D";"E";"B";1,66062;1,89833;0,15134;1
"enem2017403174";NA;"27";1;"https://raw.githubusercontent.com/alexandrejaloto/CATEnem/master/data-raw/imagens/enem2017403174.jpg";"radio_image";"A";"B";"C";"D";"E";"B";0,33732;7,92092;0,19265;1
"enem2017403175";NA;"28";1;"https://raw.githubusercontent.com/alexandrejaloto/CATEnem/master/data-raw/imagens/enem2017403175.jpg";"radio_image";"A";"B";"C";"D";"E";"A";1,60982;3,04331;0,21799;1
"enem2017403176";NA;"18";1;"https://raw.githubusercontent.com/alexandrejaloto/CATEnem/master/data-raw/imagens/enem2017403176.jpg";"radio_image";"A";"B";"C";"D";"E";"C";1,09568;3,01649;0,04704;1
"enem2017403177";NA;"5";1;"https://raw.githubusercontent.com/alexandrejaloto/CATEnem/master/data-raw/imagens/enem2017403177.jpg";"radio_image";"A";"B";"C";"D";"E";"E";2,03148;1,76214;0,19951;1
"enem2017403178";NA;"24";1;"https://raw.githubusercontent.com/alexandrejaloto/CATEnem/master/data-raw/imagens/enem2017403178.jpg";"radio_image";"A";"B";"C";"D";"E";"E";1,45491;0,58108;0,32767;1
"enem2017403179";NA;"28";1;"https://raw.githubusercontent.com/alexandrejaloto/CATEnem/master/data-raw/imagens/enem2017403179.jpg";"radio_image";"A";"B";"C";"D";"E";"C";1,60552;2,68705;0,25409;1
"enem2017403180";NA;"16";1;"https://raw.githubusercontent.com/alexandrejaloto/CATEnem/master/data-raw/imagens/enem2017403180.jpg";"radio_image";"A";"B";"C";"D";"E";"D";1,61681;2,44593;0,11192;1
"enem2018459136";NA;"1";1;"https://raw.githubusercontent.com/alexandrejaloto/CATEnem/master/data-raw/imagens/enem2018459136.jpg";"radio_image";"A";"B";"C";"D";"E";"A";1,75065;2,4194;0,14805;1
"enem2018459137";NA;"18";1;"https://raw.githubusercontent.com/alexandrejaloto/CATEnem/master/data-raw/imagens/enem2018459137.jpg";"radio_image";"A";"B";"C";"D";"E";"C";0,83472;3,8538;0,16719;1
"enem2018459138";NA;"22";1;"https://raw.githubusercontent.com/alexandrejaloto/CATEnem/master/data-raw/imagens/enem2018459138.jpg";"radio_image";"A";"B";"C";"D";"E";"E";1,86031;2,95;0,17211;1
"enem2018459139";NA;"26";1;"https://raw.githubusercontent.com/alexandrejaloto/CATEnem/master/data-raw/imagens/enem2018459139.jpg";"radio_image";"A";"B";"C";"D";"E";"A";1,47034;3,31311;0,1424;1
"enem2018459140";NA;"13";1;"https://raw.githubusercontent.com/alexandrejaloto/CATEnem/master/data-raw/imagens/enem2018459140.jpg";"radio_image";"A";"B";"C";"D";"E";"D";1,41648;1,88079;0,16685;1
"enem2018459141";NA;"3";1;"https://raw.githubusercontent.com/alexandrejaloto/CATEnem/master/data-raw/imagens/enem2018459141.jpg";"radio_image";"A";"B";"C";"D";"E";"C";2,55414;2,6677;0,22815;1
"enem2018459142";NA;"20";1;"https://raw.githubusercontent.com/alexandrejaloto/CATEnem/master/data-raw/imagens/enem2018459142.jpg";"radio_image";"A";"B";"C";"D";"E";"E";4,68954;1,506;0,12012;1
"enem2018459143";NA;"16";1;"https://raw.githubusercontent.com/alexandrejaloto/CATEnem/master/data-raw/imagens/enem2018459143.jpg";"radio_image";"A";"B";"C";"D";"E";"B";3,33463;1,86899;0,21641;1
"enem2018459144";NA;"5";1;"https://raw.githubusercontent.com/alexandrejaloto/CATEnem/master/data-raw/imagens/enem2018459144.jpg";"radio_image";"A";"B";"C";"D";"E";"B";1,36078;1,1564;0,02623;1
"enem2018459145";NA;"27";1;"https://raw.githubusercontent.com/alexandrejaloto/CATEnem/master/data-raw/imagens/enem2018459145.jpg";"radio_image";"A";"B";"C";"D";"E";"D";2,18007;1,80201;0,15123;1
"enem2018459146";NA;"10";1;"https://raw.githubusercontent.com/alexandrejaloto/CATEnem/master/data-raw/imagens/enem2018459146.jpg";"radio_image";"A";"B";"C";"D";"E";"A";3,86138;1,36143;0,14915;1
"enem2018459147";NA;"4";1;"https://raw.githubusercontent.com/alexandrejaloto/CATEnem/master/data-raw/imagens/enem2018459147.jpg";"radio_image";"A";"B";"C";"D";"E";"D";3,05583;1,34943;0,10809;1
"enem2018459148";NA;"19";1;"https://raw.githubusercontent.com/alexandrejaloto/CATEnem/master/data-raw/imagens/enem2018459148.jpg";"radio_image";"A";"B";"C";"D";"E";"A";2,1454;2,05264;0,19268;1
"enem2018459149";NA;"14";1;"https://raw.githubusercontent.com/alexandrejaloto/CATEnem/master/data-raw/imagens/enem2018459149.jpg";"radio_image";"A";"B";"C";"D";"E";"A";1,32842;2,32157;0,20359;1
"enem2018459150";NA;"29";1;"https://raw.githubusercontent.com/alexandrejaloto/CATEnem/master/data-raw/imagens/enem2018459150.jpg";"radio_image";"A";"B";"C";"D";"E";"E";0,24681;3,47775;0,02647;1
"enem2018459151";NA;"23";1;"https://raw.githubusercontent.com/alexandrejaloto/CATEnem/master/data-raw/imagens/enem2018459151.jpg";"radio_image";"A";"B";"C";"D";"E";"B";2,77807;3,31893;0,28666;1
"enem2018459152";NA;"20";1;"https://raw.githubusercontent.com/alexandrejaloto/CATEnem/master/data-raw/imagens/enem2018459152.jpg";"radio_image";"A";"B";"C";"D";"E";"B";3,58407;2,94242;0,1875;1
"enem2018459153";NA;"8";1;"https://raw.githubusercontent.com/alexandrejaloto/CATEnem/master/data-raw/imagens/enem2018459153.jpg";"radio_image";"A";"B";"C";"D";"E";"D";1,0681;2,89341;0,16386;1
"enem2018459154";NA;"30";1;"https://raw.githubusercontent.com/alexandrejaloto/CATEnem/master/data-raw/imagens/enem2018459154.jpg";"radio_image";"A";"B";"C";"D";"E";"D";1,1816;3,44272;0,1365;1
"enem2018459155";NA;"7";1;"https://raw.githubusercontent.com/alexandrejaloto/CATEnem/master/data-raw/imagens/enem2018459155.jpg";"radio_image";"A";"B";"C";"D";"E";"E";2,66415;1,64983;0,09545;1
"enem2018459156";NA;"29";1;"https://raw.githubusercontent.com/alexandrejaloto/CATEnem/master/data-raw/imagens/enem2018459156.jpg";"radio_image";"A";"B";"C";"D";"E";"D";2,15655;3,72556;0,14695;1
"enem2018459157";NA;"11";1;"https://raw.githubusercontent.com/alexandrejaloto/CATEnem/master/data-raw/imagens/enem2018459157.jpg";"radio_image";"A";"B";"C";"D";"E";"A";2,44385;1,98197;0,08633;1
"enem2018459158";NA;"5";1;"https://raw.githubusercontent.com/alexandrejaloto/CATEnem/master/data-raw/imagens/enem2018459158.jpg";"radio_image";"A";"B";"C";"D";"E";"B";1,46307;2,90397;0,16934;1
"enem2018459159";NA;"9";1;"https://raw.githubusercontent.com/alexandrejaloto/CATEnem/master/data-raw/imagens/enem2018459159.jpg";"radio_image";"A";"B";"C";"D";"E";"A";1,91344;0,1217;0,34263;1
"enem2018459160";NA;"27";1;"https://raw.githubusercontent.com/alexandrejaloto/CATEnem/master/data-raw/imagens/enem2018459160.jpg";"radio_image";"A";"B";"C";"D";"E";"D";3,53913;1,54995;0,19735;1
"enem2018459161";NA;"22";1;"https://raw.githubusercontent.com/alexandrejaloto/CATEnem/master/data-raw/imagens/enem2018459161.jpg";"radio_image";"A";"B";"C";"D";"E";"B";1,4909;3,45729;0,09597;1
"enem2018459162";NA;"2";1;"https://raw.githubusercontent.com/alexandrejaloto/CATEnem/master/data-raw/imagens/enem2018459162.jpg";"radio_image";"A";"B";"C";"D";"E";"E";2,43503;1,6332;0,12168;1
"enem2018459164";NA;"3";1;"https://raw.githubusercontent.com/alexandrejaloto/CATEnem/master/data-raw/imagens/enem2018459164.jpg";"radio_image";"A";"B";"C";"D";"E";"C";1,15923;1,57022;0,17437;1
"enem2018459165";NA;"2";1;"https://raw.githubusercontent.com/alexandrejaloto/CATEnem/master/data-raw/imagens/enem2018459165.jpg";"radio_image";"A";"B";"C";"D";"E";"C";1,78838;2,97454;0,24777;1
"enem2018459166";NA;"28";1;"https://raw.githubusercontent.com/alexandrejaloto/CATEnem/master/data-raw/imagens/enem2018459166.jpg";"radio_image";"A";"B";"C";"D";"E";"C";3,0651;1,86549;0,14637;1
"enem2018459167";NA;"28";1;"https://raw.githubusercontent.com/alexandrejaloto/CATEnem/master/data-raw/imagens/enem2018459167.jpg";"radio_image";"A";"B";"C";"D";"E";"D";2,92985;1,87774;0,13712;1
"enem2018459168";NA;"24";1;"https://raw.githubusercontent.com/alexandrejaloto/CATEnem/master/data-raw/imagens/enem2018459168.jpg";"radio_image";"A";"B";"C";"D";"E";"B";2,94976;1,27294;0,19298;1
"enem2018459169";NA;"11";1;"https://raw.githubusercontent.com/alexandrejaloto/CATEnem/master/data-raw/imagens/enem2018459169.jpg";"radio_image";"A";"B";"C";"D";"E";"C";1,67338;3,02425;0,21851;1
"enem2018459170";NA;"19";1;"https://raw.githubusercontent.com/alexandrejaloto/CATEnem/master/data-raw/imagens/enem2018459170.jpg";"radio_image";"A";"B";"C";"D";"E";"A";2,42824;2,08891;0,13961;1
"enem2018459171";NA;"6";1;"https://raw.githubusercontent.com/alexandrejaloto/CATEnem/master/data-raw/imagens/enem2018459171.jpg";"radio_image";"A";"B";"C";"D";"E";"E";2,43833;1,50312;0,09519;1
"enem2018459172";NA;"25";1;"https://raw.githubusercontent.com/alexandrejaloto/CATEnem/master/data-raw/imagens/enem2018459172.jpg";"radio_image";"A";"B";"C";"D";"E";"E";1,25148;0,88381;0,13308;1
"enem2018459173";NA;"15";1;"https://raw.githubusercontent.com/alexandrejaloto/CATEnem/master/data-raw/imagens/enem2018459173.jpg";"radio_image";"A";"B";"C";"D";"E";"A";1,23644;3,86545;0,18943;1
"enem2018459174";NA;"17";1;"https://raw.githubusercontent.com/alexandrejaloto/CATEnem/master/data-raw/imagens/enem2018459174.jpg";"radio_image";"A";"B";"C";"D";"E";"C";0,89075;3,58175;0,2242;1
"enem2018459175";NA;"21";1;"https://raw.githubusercontent.com/alexandrejaloto/CATEnem/master/data-raw/imagens/enem2018459175.jpg";"radio_image";"A";"B";"C";"D";"E";"B";2,60715;3,02371;0,30706;1
"enem2018459176";NA;"26";1;"https://raw.githubusercontent.com/alexandrejaloto/CATEnem/master/data-raw/imagens/enem2018459176.jpg";"radio_image";"A";"B";"C";"D";"E";"C";1,88752;2,03259;0,09961;1
"enem2018459177";NA;"25";1;"https://raw.githubusercontent.com/alexandrejaloto/CATEnem/master/data-raw/imagens/enem2018459177.jpg";"radio_image";"A";"B";"C";"D";"E";"D";3,16831;1,44943;0,19086;1
"enem2018459178";NA;"21";1;"https://raw.githubusercontent.com/alexandrejaloto/CATEnem/master/data-raw/imagens/enem2018459178.jpg";"radio_image";"A";"B";"C";"D";"E";"D";1,929;3,008;0,185;1
"enem2018459179";NA;"8";1;"https://raw.githubusercontent.com/alexandrejaloto/CATEnem/master/data-raw/imagens/enem2018459179.jpg";"radio_image";"A";"B";"C";"D";"E";"A";2,10243;1,89084;0,11933;1
"enem2018459180";NA;"12";1;"https://raw.githubusercontent.com/alexandrejaloto/CATEnem/master/data-raw/imagens/enem2018459180.jpg";"radio_image";"A";"B";"C";"D";"E";"B";0,32259;4,77908;0,02107;1
"enem2019515136";NA;"6";1;"https://raw.githubusercontent.com/alexandrejaloto/CATEnem/master/data-raw/imagens/enem2019515136.jpg";"radio_image";"A";"B";"C";"D";"E";"E";1,84162;0,88644;0,35048;1
"enem2019515137";NA;"21";1;"https://raw.githubusercontent.com/alexandrejaloto/CATEnem/master/data-raw/imagens/enem2019515137.jpg";"radio_image";"A";"B";"C";"D";"E";"E";2,287;2,217;0,085;1
"enem2019515138";NA;"5";1;"https://raw.githubusercontent.com/alexandrejaloto/CATEnem/master/data-raw/imagens/enem2019515138.jpg";"radio_image";"A";"B";"C";"D";"E";"E";2,47366;1,61606;0,04665;1
"enem2019515139";NA;"15";1;"https://raw.githubusercontent.com/alexandrejaloto/CATEnem/master/data-raw/imagens/enem2019515139.jpg";"radio_image";"A";"B";"C";"D";"E";"A";2,05561;3,05197;0,11848;1
"enem2019515140";NA;"1";1;"https://raw.githubusercontent.com/alexandrejaloto/CATEnem/master/data-raw/imagens/enem2019515140.jpg";"radio_image";"A";"B";"C";"D";"E";"D";1,86876;0,4293;0,12552;1
"enem2019515141";NA;"17";1;"https://raw.githubusercontent.com/alexandrejaloto/CATEnem/master/data-raw/imagens/enem2019515141.jpg";"radio_image";"A";"B";"C";"D";"E";"B";1,94459;2,78766;0,16241;1
"enem2019515142";NA;"9";1;"https://raw.githubusercontent.com/alexandrejaloto/CATEnem/master/data-raw/imagens/enem2019515142.jpg";"radio_image";"A";"B";"C";"D";"E";"E";2,89605;1,98685;0,08712;1
"enem2019515143";NA;"20";1;"https://raw.githubusercontent.com/alexandrejaloto/CATEnem/master/data-raw/imagens/enem2019515143.jpg";"radio_image";"A";"B";"C";"D";"E";"B";3,06326;0,80679;0,08034;1
"enem2019515144";NA;"1";1;"https://raw.githubusercontent.com/alexandrejaloto/CATEnem/master/data-raw/imagens/enem2019515144.jpg";"radio_image";"A";"B";"C";"D";"E";"A";1,12267;0,37213;0,26876;1
"enem2019515146";NA;"26";1;"https://raw.githubusercontent.com/alexandrejaloto/CATEnem/master/data-raw/imagens/enem2019515146.jpg";"radio_image";"A";"B";"C";"D";"E";"A";2,72919;1,92868;0,23186;1
"enem2019515147";NA;"12";1;"https://raw.githubusercontent.com/alexandrejaloto/CATEnem/master/data-raw/imagens/enem2019515147.jpg";"radio_image";"A";"B";"C";"D";"E";"B";1,64938;1,94549;0,20724;1
"enem2019515148";NA;"12";1;"https://raw.githubusercontent.com/alexandrejaloto/CATEnem/master/data-raw/imagens/enem2019515148.jpg";"radio_image";"A";"B";"C";"D";"E";"C";1,64692;0,47926;0,18811;1
"enem2019515149";NA;"24";1;"https://raw.githubusercontent.com/alexandrejaloto/CATEnem/master/data-raw/imagens/enem2019515149.jpg";"radio_image";"A";"B";"C";"D";"E";"D";1,20999;2,11115;0,06509;1
"enem2019515150";NA;"23";1;"https://raw.githubusercontent.com/alexandrejaloto/CATEnem/master/data-raw/imagens/enem2019515150.jpg";"radio_image";"A";"B";"C";"D";"E";"B";1,77601;1,53793;0,14814;1
"enem2019515151";NA;"16";1;"https://raw.githubusercontent.com/alexandrejaloto/CATEnem/master/data-raw/imagens/enem2019515151.jpg";"radio_image";"A";"B";"C";"D";"E";"A";2,45024;3,01267;0,14322;1
"enem2019515152";NA;"16";1;"https://raw.githubusercontent.com/alexandrejaloto/CATEnem/master/data-raw/imagens/enem2019515152.jpg";"radio_image";"A";"B";"C";"D";"E";"B";2,28084;1,24447;0,12125;1
"enem2019515153";NA;"3";1;"https://raw.githubusercontent.com/alexandrejaloto/CATEnem/master/data-raw/imagens/enem2019515153.jpg";"radio_image";"A";"B";"C";"D";"E";"E";3,17618;2,35696;0,27294;1
"enem2019515154";NA;"21";1;"https://raw.githubusercontent.com/alexandrejaloto/CATEnem/master/data-raw/imagens/enem2019515154.jpg";"radio_image";"A";"B";"C";"D";"E";"C";1,7206;2,05336;0,18597;1
"enem2019515155";NA;"2";1;"https://raw.githubusercontent.com/alexandrejaloto/CATEnem/master/data-raw/imagens/enem2019515155.jpg";"radio_image";"A";"B";"C";"D";"E";"E";3,93635;3,78057;0,19828;1
"enem2019515156";NA;"3";1;"https://raw.githubusercontent.com/alexandrejaloto/CATEnem/master/data-raw/imagens/enem2019515156.jpg";"radio_image";"A";"B";"C";"D";"E";"C";2,45518;2,61221;0,15911;1
"enem2019515157";NA;"7";1;"https://raw.githubusercontent.com/alexandrejaloto/CATEnem/master/data-raw/imagens/enem2019515157.jpg";"radio_image";"A";"B";"C";"D";"E";"A";3,76775;2,42062;0,20831;1
"enem2019515158";NA;"11";1;"https://raw.githubusercontent.com/alexandrejaloto/CATEnem/master/data-raw/imagens/enem2019515158.jpg";"radio_image";"A";"B";"C";"D";"E";"C";3,1849;1,31578;0,14485;1
"enem2019515159";NA;"30";1;"https://raw.githubusercontent.com/alexandrejaloto/CATEnem/master/data-raw/imagens/enem2019515159.jpg";"radio_image";"A";"B";"C";"D";"E";"D";2,31939;1,41653;0,07186;1
"enem2019515160";NA;"28";1;"https://raw.githubusercontent.com/alexandrejaloto/CATEnem/master/data-raw/imagens/enem2019515160.jpg";"radio_image";"A";"B";"C";"D";"E";"C";2,17954;1,95289;0,13818;1
"enem2019515161";NA;"27";1;"https://raw.githubusercontent.com/alexandrejaloto/CATEnem/master/data-raw/imagens/enem2019515161.jpg";"radio_image";"A";"B";"C";"D";"E";"B";3,1073;1,87878;0,18717;1
"enem2019515162";NA;"10";1;"https://raw.githubusercontent.com/alexandrejaloto/CATEnem/master/data-raw/imagens/enem2019515162.jpg";"radio_image";"A";"B";"C";"D";"E";"D";3,8143;2,48432;0,09189;1
"enem2019515163";NA;"4";1;"https://raw.githubusercontent.com/alexandrejaloto/CATEnem/master/data-raw/imagens/enem2019515163.jpg";"radio_image";"A";"B";"C";"D";"E";"C";3,41848;1,95818;0,16938;1
"enem2019515164";NA;"13";1;"https://raw.githubusercontent.com/alexandrejaloto/CATEnem/master/data-raw/imagens/enem2019515164.jpg";"radio_image";"A";"B";"C";"D";"E";"C";2,30372;1,40103;0,13792;1
"enem2019515165";NA;"19";1;"https://raw.githubusercontent.com/alexandrejaloto/CATEnem/master/data-raw/imagens/enem2019515165.jpg";"radio_image";"A";"B";"C";"D";"E";"E";3,9588;1,47023;0,11919;1
"enem2019515166";NA;"8";1;"https://raw.githubusercontent.com/alexandrejaloto/CATEnem/master/data-raw/imagens/enem2019515166.jpg";"radio_image";"A";"B";"C";"D";"E";"D";1,52296;2,72201;0,36496;1
"enem2019515167";NA;"29";1;"https://raw.githubusercontent.com/alexandrejaloto/CATEnem/master/data-raw/imagens/enem2019515167.jpg";"radio_image";"A";"B";"C";"D";"E";"C";2,662;2,957;0,068;1
"enem2019515168";NA;"19";1;"https://raw.githubusercontent.com/alexandrejaloto/CATEnem/master/data-raw/imagens/enem2019515168.jpg";"radio_image";"A";"B";"C";"D";"E";"D";2,25899;1,51757;0,09598;1
"enem2019515169";NA;"9";1;"https://raw.githubusercontent.com/alexandrejaloto/CATEnem/master/data-raw/imagens/enem2019515169.jpg";"radio_image";"A";"B";"C";"D";"E";"A";1,62365;1,98136;0,18076;1
"enem2019515170";NA;"14";1;"https://raw.githubusercontent.com/alexandrejaloto/CATEnem/master/data-raw/imagens/enem2019515170.jpg";"radio_image";"A";"B";"C";"D";"E";"B";1,96646;2,01615;0,1547;1
"enem2019515171";NA;"2";1;"https://raw.githubusercontent.com/alexandrejaloto/CATEnem/master/data-raw/imagens/enem2019515171.jpg";"radio_image";"A";"B";"C";"D";"E";"E";1,25552;1,93449;0,06675;1
"enem2019515172";NA;"25";1;"https://raw.githubusercontent.com/alexandrejaloto/CATEnem/master/data-raw/imagens/enem2019515172.jpg";"radio_image";"A";"B";"C";"D";"E";"D";1,51;3,003;0,147;1
"enem2019515173";NA;"28";1;"https://raw.githubusercontent.com/alexandrejaloto/CATEnem/master/data-raw/imagens/enem2019515173.jpg";"radio_image";"A";"B";"C";"D";"E";"E";2,5937;1,91179;0,07742;1
"enem2019515174";NA;"26";1;"https://raw.githubusercontent.com/alexandrejaloto/CATEnem/master/data-raw/imagens/enem2019515174.jpg";"radio_image";"A";"B";"C";"D";"E";"C";5,31206;3,34343;0,16052;1
"enem2019515175";NA;"8";1;"https://raw.githubusercontent.com/alexandrejaloto/CATEnem/master/data-raw/imagens/enem2019515175.jpg";"radio_image";"A";"B";"C";"D";"E";"D";2,24304;2,30004;0,20665;1
"enem2019515176";NA;"18";1;"https://raw.githubusercontent.com/alexandrejaloto/CATEnem/master/data-raw/imagens/enem2019515176.jpg";"radio_image";"A";"B";"C";"D";"E";"D";0,1828;12,4166;0,11617;1
"enem2019515177";NA;"21";1;"https://raw.githubusercontent.com/alexandrejaloto/CATEnem/master/data-raw/imagens/enem2019515177.jpg";"radio_image";"A";"B";"C";"D";"E";"D";2,5833;1,63345;0,16356;1
"enem2019515178";NA;"25";1;"https://raw.githubusercontent.com/alexandrejaloto/CATEnem/master/data-raw/imagens/enem2019515178.jpg";"radio_image";"A";"B";"C";"D";"E";"B";4,12689;2,8894;0,12635;1
"enem2019515179";NA;"20";1;"https://raw.githubusercontent.com/alexandrejaloto/CATEnem/master/data-raw/imagens/enem2019515179.jpg";"radio_image";"A";"B";"C";"D";"E";"A";1,57287;1,15345;0,11072;1
"enem2019515180";NA;"4";1;"https://raw.githubusercontent.com/alexandrejaloto/CATEnem/master/data-raw/imagens/enem2019515180.jpg";"radio_image";"A";"B";"C";"D";"E";"A";1,78432;1,1667;0,0455;1
